Unique id ,Age,Gender,City,State ,city type,Education,Has a credit card,Has internet access,Uses a mobile app,used a credit card,Credit Score,Credit History,Employment Status,Employment History,Income,Debt-to-Income (DTI) Ratio,Current Debts,Credit Payment History,Credit knowledge
1198,23,0,1,1,1,2,1,1,1,1,700,1,1,2,4,0.5,2,1,1
1199,45,1,1,1,1,0,0,0,0,0,0,0,1,5,8,1.3,10.4,0,0
1200,25,0,1,1,1,4,1,1,1,1,750,1,1,2,12,0,0,1,1
1201,66,0,3,1,0,4,1,0,0,0,0,0,0,1,13,0.22,2.86,0,0
1202,33,1,5,1,0,2,1,1,1,0,0,0,0,3,23,1.73,39.79,0,0
1203,18,1,3,1,1,0,1,0,0,0,0,0,0,3,28,1.78,49.84,0,0
1204,46,1,4,1,1,0,0,1,0,0,0,0,1,1,18,1.87,33.66,0,0
1205,28,0,5,1,0,1,1,0,0,0,0,0,1,0,0,0,0,0,0
1206,40,1,3,1,1,4,1,1,1,0,0,0,0,3,24,1.05,25.2,0,0
1207,36,0,4,1,0,1,1,0,0,1,551,1,1,1,14,0.15,2.1,1,0
1208,37,1,5,1,0,4,1,1,0,0,0,0,0,1,8,0.56,4.48,0,0
1209,46,1,4,1,0,2,0,0,0,0,0,0,0,3,5,0.44,2.2,0,0
1210,27,0,3,1,1,4,1,0,0,0,0,0,1,4,25,0.32,8,0,0
1211,57,1,1,1,1,1,1,1,0,1,835,1,1,5,6,0.86,5.16,1,1
1212,19,1,1,1,1,2,1,1,0,0,0,0,0,3,30,0.31,9.3,0,0
1213,67,1,3,1,1,3,1,1,0,1,571,0,0,1,8,0.85,6.8,1,0
1214,32,0,4,1,0,1,1,1,1,0,0,0,1,4,11,0,0,0,0
1215,21,0,1,1,1,4,0,0,0,0,0,0,0,3,6,1.52,9.12,0,0
1216,25,0,5,1,1,3,0,0,0,0,0,0,1,3,21,0.06,1.26,0,0
1217,26,0,2,1,1,2,0,0,0,0,0,0,1,0,0,0,0,0,0
1218,67,0,5,1,0,1,1,1,0,1,643,0,0,4,20,0.49,9.8,0,0
1219,29,0,2,1,1,3,1,0,0,1,681,0,1,0,0,0,0,1,1
1220,37,1,5,1,1,0,1,0,0,1,700,0,1,2,11,1.3,14.3,0,1
1221,39,0,2,1,0,3,1,1,1,0,0,0,0,3,25,0.96,24,0,0
1222,41,1,4,1,0,1,1,1,1,1,638,1,1,4,29,0.52,15.08,1,0
1223,32,1,1,1,0,0,1,1,0,1,668,1,0,4,13,1.85,24.05,0,1
1224,30,1,1,1,1,3,1,0,0,0,0,0,1,4,5,0.95,4.75,0,0
1225,54,1,5,1,0,4,1,1,0,0,0,0,0,1,16,0.7,11.2,0,0
1226,64,0,3,1,1,4,1,0,0,0,0,0,0,5,14,1.33,18.62,0,0
1227,65,0,2,1,1,0,1,1,0,1,578,1,1,2,20,0.51,10.2,0,0
1228,61,1,5,1,1,2,1,0,0,1,716,1,1,3,28,1.56,43.68,1,1
1229,61,1,2,1,1,1,1,0,0,0,0,0,0,2,11,1.31,14.41,0,0
1230,33,0,5,1,1,1,1,0,0,0,0,0,0,3,9,1.03,9.27,0,0
1231,44,1,1,1,1,1,1,1,1,1,849,1,0,3,26,1.4,36.4,0,1
1232,56,1,4,1,1,3,0,0,0,0,0,0,1,2,3,1.52,4.56,0,0
1233,63,0,2,1,0,0,0,0,0,0,0,0,0,0,0,0,0,0,0
1234,36,0,2,1,0,3,1,0,0,0,0,0,0,5,10,1.6,16,0,0
1235,63,1,4,1,1,2,0,1,0,0,0,0,1,1,8,1.86,14.88,0,0
1236,25,0,5,1,1,4,1,0,0,1,717,1,1,1,12,0.95,11.4,0,1
1237,42,1,2,1,0,4,1,1,1,1,789,0,0,0,0,0,0,1,1
1238,45,0,5,1,1,1,1,0,0,1,843,1,0,0,0,0,0,1,1
1239,23,1,5,1,0,2,0,1,0,0,0,0,1,1,17,1.35,22.95,0,0
1240,18,1,3,1,1,4,0,0,0,0,0,0,1,5,3,0.39,1.17,0,0
1241,68,1,4,1,0,4,1,1,1,0,0,0,1,1,9,1.53,13.77,0,0
1242,63,1,2,1,0,4,1,1,0,1,744,1,1,2,11,0.92,10.12,1,1
1243,24,0,3,1,1,4,1,0,0,0,0,0,1,2,5,1.42,7.1,0,0
1244,54,0,2,1,1,3,1,1,0,0,0,0,0,3,19,0.97,18.43,0,0
1245,21,0,3,1,1,4,1,0,0,1,707,1,1,0,0,0,0,1,1
1246,51,1,3,1,1,2,1,0,0,1,721,1,0,5,29,0.03,0.87,1,1
1247,51,0,1,1,1,3,1,0,0,0,0,0,0,0,0,0,0,0,0
1248,53,0,4,1,1,4,1,1,0,1,741,1,1,3,11,0.75,8.25,1,1
1249,69,1,2,1,1,1,1,0,0,1,667,1,1,0,0,0,0,1,1
1250,46,0,2,1,1,1,1,0,0,0,0,0,0,0,0,0,0,0,0
1251,49,0,3,1,1,4,0,0,0,0,0,0,0,5,8,1.21,9.68,0,0
1252,41,1,4,1,0,3,1,0,0,1,625,1,0,0,0,0,0,0,0
1253,23,0,5,1,1,2,1,0,0,1,762,1,0,0,0,0,0,1,1
1254,59,1,1,1,1,2,1,1,1,1,563,1,0,0,0,0,0,0,0
1255,31,1,2,1,0,2,1,1,0,0,0,0,1,4,28,0.7,19.6,0,0
1256,25,1,4,1,0,0,1,0,0,1,643,1,0,5,26,1.97,51.22,1,0
1257,18,0,2,1,1,3,0,1,0,0,0,0,0,5,27,0.88,23.76,0,0
1258,44,1,4,1,0,1,1,1,1,0,0,0,0,5,21,0.08,1.68,0,0
1259,57,1,5,1,1,3,1,0,0,1,632,1,1,2,29,1.18,34.22,1,0
1260,66,0,1,1,1,4,0,1,0,0,0,0,1,3,28,1.25,35,0,0
1261,19,1,3,1,0,2,0,1,1,0,0,0,0,0,0,0,0,0,0
1262,70,1,2,1,1,4,1,0,0,0,0,0,1,0,0,0,0,0,0
1263,54,0,3,1,1,3,1,1,1,0,0,0,0,4,5,1.87,9.35,0,0
1264,58,1,1,1,1,3,1,0,0,1,584,0,0,0,0,0,0,0,0
1265,18,0,1,1,1,1,1,0,0,0,0,0,1,2,4,0.55,2.2,0,0
1266,30,0,4,1,1,3,1,1,0,0,0,0,1,4,21,1.9,39.9,0,0
1267,55,0,1,1,1,3,0,0,0,0,0,0,0,0,0,0,0,0,0
1268,23,1,1,1,0,3,1,0,0,0,0,0,0,2,18,1.93,34.74,0,0
1269,49,1,3,1,0,2,1,1,1,1,611,1,0,4,15,1.57,23.55,0,0
1270,34,0,5,1,0,4,1,1,0,0,0,0,1,5,4,1.64,6.56,0,0
1271,44,0,1,1,0,1,1,1,1,1,843,1,1,3,27,0.49,13.23,1,1
1272,24,1,5,1,0,1,1,0,0,0,0,0,1,5,9,0.74,6.66,0,0
1273,19,1,1,1,0,1,1,1,1,0,0,0,0,2,23,1.44,33.12,0,0
1274,64,1,3,1,1,3,1,0,0,0,0,0,0,0,0,0,0,0,0
1275,60,1,4,1,1,0,1,1,0,1,640,1,0,1,16,0.72,11.52,0,0
1276,60,1,4,1,1,3,1,0,0,0,0,0,1,4,20,0.09,1.8,0,0
1277,27,1,2,1,0,1,1,1,0,1,682,0,1,1,24,0.08,1.92,0,1
1278,46,0,4,1,0,3,0,0,0,0,0,0,1,0,0,0,0,0,0
1279,66,0,5,1,0,3,1,0,0,1,765,1,1,5,17,1.03,17.51,0,1
1280,70,0,2,1,0,4,1,1,0,1,751,0,1,4,17,1.34,22.78,1,1
1281,55,1,5,1,0,3,1,0,0,0,0,0,1,0,0,0,0,0,0
1282,34,0,1,1,0,3,1,0,0,1,821,1,1,1,29,1.27,36.83,0,1
1283,61,1,5,1,1,3,1,0,0,0,0,0,1,4,14,0.29,4.06,0,0
1284,44,1,1,1,0,2,1,0,0,0,0,0,0,5,11,1.75,19.25,0,0
1285,62,0,2,1,0,3,1,1,0,0,0,0,0,3,4,0.03,0.12,0,0
1286,62,1,2,1,1,3,1,1,1,0,0,0,0,1,9,1.92,17.28,0,0
1287,40,0,3,1,1,3,0,1,1,0,0,0,0,2,21,0.54,11.34,0,0
1288,19,1,3,1,1,2,1,0,0,1,804,1,1,3,22,0.2,4.4,1,1
1289,61,1,1,1,0,0,1,0,0,1,550,1,1,0,0,0,0,0,0
1290,58,1,5,1,1,3,1,0,0,0,0,0,1,5,20,1.23,24.6,0,0
1291,28,0,1,1,1,2,1,1,1,0,0,0,0,4,13,0.19,2.47,0,0
1292,70,1,5,1,0,3,1,0,0,1,633,1,1,4,13,0.3,3.9,0,0
1293,47,1,2,1,0,2,1,0,0,0,0,0,1,1,20,0.93,18.6,0,0
1294,25,0,1,1,1,0,1,0,0,1,690,0,1,5,25,0.66,16.5,1,1
1295,30,1,5,1,1,4,1,0,0,1,727,1,1,2,9,0.01,0.09,1,1
1296,59,0,4,1,0,3,1,0,0,0,0,0,1,2,10,1.71,17.1,0,0
1297,54,0,4,1,0,3,1,1,1,0,0,0,1,0,0,0,0,0,0
1298,21,0,4,1,0,4,1,0,0,0,0,0,0,3,18,1.18,21.24,0,0
1299,65,1,5,1,0,1,0,1,0,0,0,0,0,4,24,1.08,25.92,0,0
1300,45,1,1,1,0,3,1,0,0,0,0,0,1,5,19,1.52,28.88,0,0
1301,26,1,3,1,0,0,1,1,0,0,0,0,1,5,27,1.9,51.3,0,0
1302,44,0,1,1,1,1,1,0,0,1,749,0,1,1,22,1.44,31.68,1,1
1303,61,0,3,1,1,4,1,1,0,0,0,0,0,4,8,0.73,5.84,0,0
1304,57,1,3,1,1,1,1,1,0,0,0,0,0,3,20,1.52,30.4,0,0
1305,45,1,3,1,0,4,1,0,0,1,809,1,0,4,30,0.21,6.3,0,1
1306,50,0,1,1,0,3,1,1,1,0,0,0,0,2,19,0.72,13.68,0,0
1307,27,0,4,1,1,4,1,0,0,0,0,0,1,2,28,1.92,53.76,0,0
1308,38,1,4,1,1,4,0,0,0,0,0,0,0,3,14,0.96,13.44,0,0
1309,62,0,5,1,1,0,1,0,0,0,0,0,1,2,26,0.84,21.84,0,0
1310,22,1,3,1,0,0,1,1,0,0,0,0,1,0,0,0,0,0,0
1311,46,0,3,1,0,1,1,0,0,1,616,1,1,3,16,0.58,9.28,1,0
1312,19,1,4,1,1,0,1,0,0,1,647,1,1,5,3,1.57,4.71,0,0
1313,53,0,4,1,1,2,1,1,1,0,0,0,0,0,0,0,0,0,0
1314,35,0,3,1,0,1,1,0,0,0,0,0,0,4,30,0.17,5.1,0,0
1315,56,0,2,1,1,0,1,0,0,0,0,0,0,0,0,0,0,0,0
1316,43,0,2,1,0,3,1,0,0,0,0,0,1,4,13,1.69,21.97,0,0
1317,21,1,2,1,1,2,1,0,0,0,0,0,0,1,8,1.04,8.32,0,0
1318,55,1,4,1,0,3,0,1,0,0,0,0,1,2,15,1.07,16.05,0,0
1319,65,0,4,1,0,4,1,1,1,1,593,0,1,0,0,0,0,1,0
1320,18,1,1,1,1,2,1,0,0,0,0,0,0,4,11,0.72,7.92,0,0
1321,56,0,3,1,1,4,1,0,0,1,730,0,0,2,19,0.71,13.49,1,1
1322,42,0,2,1,1,4,1,1,0,0,0,0,0,1,20,1.08,21.6,0,0
1323,53,1,4,1,1,3,1,1,0,0,0,0,0,4,24,0.15,3.6,0,0
1324,43,1,5,1,1,0,1,0,0,0,0,0,1,4,10,0.21,2.1,0,0
1325,35,1,3,1,0,0,1,1,0,1,850,1,1,1,21,0,0,1,1
1326,53,1,4,1,0,4,1,1,1,1,688,0,1,5,22,0.86,18.92,0,1
1327,39,1,1,1,0,3,1,0,0,0,0,0,0,4,24,0.95,22.8,0,0
1328,58,1,4,1,0,4,1,1,1,1,743,1,1,5,8,0.28,2.24,1,1
1329,25,1,2,1,1,1,1,0,0,1,817,1,0,3,17,1.84,31.28,1,1
1330,25,1,2,1,1,3,1,0,0,0,0,0,0,1,13,1.68,21.84,0,0
1331,50,1,5,1,0,1,1,0,0,1,741,1,1,0,0,0,0,1,1
1332,63,1,4,1,1,3,1,0,0,0,0,0,1,3,12,1.16,13.92,0,0
1333,69,0,4,1,1,2,1,0,0,0,0,0,0,2,8,0.22,1.76,0,0
1334,59,0,2,1,1,0,1,1,0,0,0,0,1,3,4,0.77,3.08,0,0
1335,21,1,1,1,0,3,1,0,0,0,0,0,1,5,9,1.65,14.85,0,0
1336,68,1,4,1,1,0,1,0,0,1,734,1,1,0,0,0,0,0,1
1337,65,1,3,1,0,1,1,0,0,1,606,1,0,0,0,0,0,1,0
1338,18,1,4,1,1,1,1,1,0,0,0,0,1,4,23,1.09,25.07,0,0
1339,31,0,1,1,0,0,1,1,0,0,0,0,0,4,11,1.44,15.84,0,0
1340,57,1,5,1,0,3,1,1,0,0,0,0,0,4,21,0.9,18.9,0,0
1341,19,0,3,1,1,0,1,0,0,0,0,0,0,5,19,0.59,11.21,0,0
1342,54,0,5,1,1,2,1,0,0,0,0,0,0,0,0,0,0,0,0
1343,32,1,4,1,1,0,1,0,0,0,0,0,0,1,11,1.62,17.82,0,0
1344,47,1,5,1,1,4,1,0,0,1,808,0,0,5,26,1.01,26.26,1,1
1345,19,0,3,1,1,4,1,1,0,0,0,0,0,5,27,0.96,25.92,0,0
1346,61,1,2,1,0,1,1,1,0,0,0,0,0,2,19,0.58,11.02,0,0
1347,56,1,4,1,0,2,1,1,0,1,700,1,0,4,7,1.47,10.29,0,1
1348,37,0,3,1,1,3,1,0,0,0,0,0,1,2,6,0.91,5.46,0,0
1349,21,0,4,1,0,2,1,1,0,1,809,1,1,2,5,0.92,4.6,1,1
1350,23,0,4,1,0,0,1,0,0,1,834,1,0,2,10,0.81,8.1,0,1
1351,20,1,5,1,1,0,0,1,0,0,0,0,1,4,22,1.78,39.16,0,0
1352,46,1,4,1,0,2,1,1,1,1,643,1,0,2,12,0.29,3.48,1,0
1353,46,1,5,1,0,4,1,1,1,1,676,1,0,2,10,0.38,3.8,1,1
1354,41,1,2,1,1,0,1,1,0,0,0,0,1,4,24,1.78,42.72,0,0
1355,61,1,2,1,0,2,0,0,0,0,0,0,0,4,20,1.61,32.2,0,0
1356,70,1,5,1,1,0,0,0,0,0,0,0,0,4,9,0.43,3.87,0,0
1357,46,0,5,1,0,0,1,1,0,0,0,0,1,4,17,0.01,0.17,0,0
1358,37,0,5,1,1,4,1,0,0,0,0,0,1,4,5,1.83,9.15,0,0
1359,52,1,5,1,0,1,0,0,0,0,0,0,1,4,5,1.87,9.35,0,0
1360,39,0,2,1,1,1,1,1,1,1,709,0,0,2,21,1.64,34.44,1,1
1361,39,1,4,1,0,1,1,0,0,1,582,1,1,3,29,1.65,47.85,1,0
1362,40,1,4,1,0,1,0,0,0,0,0,0,1,5,13,0.94,12.22,0,0
1363,69,0,4,1,0,3,1,1,0,1,846,1,1,3,26,1.12,29.12,1,1
1364,23,0,2,1,0,2,1,0,0,0,0,0,0,0,0,0,0,0,0
1365,21,0,1,1,0,3,0,0,0,0,0,0,0,3,9,1.89,17.01,0,0
1366,24,0,5,1,0,0,1,1,0,1,611,1,1,0,0,0,0,1,0
1367,58,0,4,1,1,1,1,1,0,0,0,0,0,0,0,0,0,0,0
1368,68,1,3,1,0,3,0,0,0,0,0,0,1,4,29,1.07,31.03,0,0
1369,25,0,4,1,1,4,1,1,1,1,752,1,1,0,0,0,0,0,1
1370,66,1,5,1,1,2,1,0,0,1,699,0,0,3,8,0.81,6.48,1,1
1371,20,0,3,1,0,0,1,1,0,1,836,0,0,4,12,0.36,4.32,0,1
1372,65,1,2,1,0,1,0,1,0,0,0,0,1,2,10,0.63,6.3,0,0
1373,19,0,5,1,0,0,0,1,0,0,0,0,1,2,22,1.06,23.32,0,0
1374,36,0,2,1,0,3,1,1,1,1,687,0,0,2,23,0.95,21.85,1,1
1375,18,1,2,1,0,1,1,0,0,1,747,0,0,1,18,1.02,18.36,1,1
1376,19,1,2,1,0,0,1,1,0,0,0,0,0,3,21,0.69,14.49,0,0
1377,32,1,3,1,1,3,0,0,0,0,0,0,1,5,11,0.9,9.9,0,0
1378,59,0,1,1,0,4,1,0,0,1,652,1,0,5,14,1.55,21.7,0,1
1379,58,0,2,1,1,3,1,1,1,0,0,0,1,0,0,0,0,0,0
1380,19,1,3,1,1,3,1,1,0,0,0,0,0,2,3,1.75,5.25,0,0
1381,52,1,4,1,1,0,1,0,0,1,574,0,1,0,0,0,0,1,0
1382,47,1,2,1,0,0,1,0,0,0,0,0,0,0,0,0,0,0,0
1383,27,0,4,1,0,2,1,0,0,0,0,0,1,1,14,1.6,22.4,0,0
1384,70,0,5,1,0,2,0,0,0,0,0,0,1,2,26,0.52,13.52,0,0
1385,24,0,1,1,1,3,0,0,0,0,0,0,0,2,10,1.45,14.5,0,0
1386,18,1,5,1,1,3,1,0,0,0,0,0,1,5,12,0.91,10.92,0,0
1387,67,1,5,1,0,3,1,0,0,0,0,0,0,1,15,1.94,29.1,0,0
1388,62,0,3,1,0,2,1,0,0,1,659,0,1,0,0,0,0,0,1
1389,46,0,1,1,1,4,1,1,0,0,0,0,0,3,16,0.46,7.36,0,0
1390,47,0,4,1,1,0,0,0,0,0,0,0,0,5,14,1.22,17.08,0,0
1391,65,1,5,1,0,0,1,0,0,0,0,0,1,3,9,0.59,5.31,0,0
1392,70,1,2,1,1,3,1,1,0,1,789,1,1,1,11,0.71,7.81,1,1
1393,48,0,4,1,1,4,1,1,1,0,0,0,0,0,0,0,0,0,0
1394,38,0,1,1,0,2,0,0,0,0,0,0,0,3,23,0.37,8.51,0,0
1395,42,0,2,1,0,3,1,1,1,0,0,0,0,2,12,1.33,15.96,0,0
1396,59,0,1,1,1,0,1,0,0,0,0,0,0,5,20,1.31,26.2,0,0
1397,52,0,2,1,0,3,1,1,1,0,0,0,0,1,10,0.19,1.9,0,0
1398,39,1,2,1,0,4,1,1,1,0,0,0,1,4,28,1.95,54.6,0,0
1399,51,0,4,1,1,0,1,0,0,1,723,0,0,0,0,0,0,0,1
1400,51,0,3,1,1,0,1,0,0,0,0,0,1,2,28,1.77,49.56,0,0
1401,51,1,3,1,1,3,1,1,0,0,0,0,1,0,0,0,0,0,0
1402,25,0,1,1,0,0,1,1,0,0,0,0,1,0,0,0,0,0,0
1403,42,1,4,1,1,4,1,0,0,0,0,0,0,0,0,0,0,0,0
1404,54,0,4,1,0,2,1,1,0,0,0,0,1,3,13,1.81,23.53,0,0
1405,18,0,2,1,0,1,1,0,0,1,641,0,1,5,28,1.44,40.32,0,0
1406,61,1,2,1,0,3,1,1,1,0,0,0,0,5,4,0.72,2.88,0,0
1407,23,0,1,1,1,1,0,0,0,0,0,0,0,2,6,1.81,10.86,0,0
1408,26,0,5,1,0,3,1,0,0,1,575,1,0,5,8,0.34,2.72,1,0
1409,30,0,3,1,1,1,1,1,1,0,0,0,1,0,0,0,0,0,0
1410,45,1,1,1,0,0,1,0,0,0,0,0,0,1,23,1.45,33.35,0,0
1411,65,0,4,1,0,3,1,0,0,0,0,0,0,3,20,0.17,3.4,0,0
1412,53,0,1,1,0,1,1,0,0,0,0,0,0,0,0,0,0,0,0
1413,31,1,1,1,1,3,1,1,0,0,0,0,0,3,29,1.53,44.37,0,0
1414,66,0,2,1,0,1,0,1,0,0,0,0,0,2,7,1.95,13.65,0,0
1415,56,1,2,1,0,1,1,1,0,0,0,0,0,1,30,0.92,27.6,0,0
1416,49,0,2,1,1,2,1,1,1,0,0,0,0,4,28,0.86,24.08,0,0
1417,68,1,3,1,0,0,0,1,0,0,0,0,0,5,18,1.16,20.88,0,0
1418,69,1,2,1,0,1,1,0,0,1,619,0,0,5,22,0.51,11.22,0,0
1419,42,1,2,1,0,0,1,0,0,0,0,0,0,4,7,1.71,11.97,0,0
1420,57,0,4,1,0,1,1,0,0,0,0,0,1,2,27,0.28,7.56,0,0
1421,19,0,5,1,0,3,1,1,1,0,0,0,0,4,29,0.2,5.8,0,0
1422,55,1,2,1,0,3,1,0,0,1,681,0,0,1,28,1.2,33.6,1,1
1423,45,0,3,1,1,3,1,1,0,0,0,0,1,1,28,0.73,20.44,0,0
1424,43,1,1,1,1,3,1,1,1,1,663,0,0,2,15,0.05,0.75,0,1
1425,35,1,4,1,0,4,1,0,0,0,0,0,0,4,18,1.12,20.16,0,0
1426,70,0,1,1,1,2,1,0,0,1,826,1,1,4,18,1.74,31.32,1,1
1427,51,1,5,1,0,1,1,0,0,1,664,1,0,2,19,0.18,3.42,0,1
1428,67,1,3,1,1,1,1,0,0,1,830,1,0,5,12,0.26,3.12,1,1
1429,41,0,1,1,1,1,1,0,0,1,783,1,0,2,14,1.82,25.48,0,1
1430,40,1,1,1,0,0,1,1,0,1,692,0,1,1,13,1.22,15.86,0,1
1431,33,0,5,1,1,0,1,1,0,1,711,0,1,2,9,0.52,4.68,0,1
1432,28,1,1,1,0,2,1,0,0,1,780,1,1,5,16,1.83,29.28,1,1
1433,39,1,1,1,1,2,1,0,0,0,0,0,1,4,3,0.82,2.46,0,0
1434,54,1,5,1,0,0,1,1,0,0,0,0,0,0,0,0,0,0,0
1435,34,1,2,1,1,0,1,0,0,1,706,0,1,1,20,0.57,11.4,0,1
1436,48,1,3,1,1,2,1,0,0,0,0,0,1,2,6,0.67,4.02,0,0
1437,66,0,4,1,0,1,1,1,1,0,0,0,0,4,3,0.43,1.29,0,0
1438,65,1,4,1,0,0,1,1,0,0,0,0,1,1,6,1.95,11.7,0,0
1439,63,1,5,1,0,0,1,1,0,1,567,0,0,4,10,1.66,16.6,0,0
1440,24,0,4,1,0,4,1,0,0,0,0,0,0,0,0,0,0,0,0
1441,46,0,1,1,0,0,1,1,0,1,600,0,0,5,13,0.81,10.53,1,0
1442,45,0,3,1,0,1,0,0,0,0,0,0,0,4,19,0.33,6.27,0,0
1443,61,1,2,1,1,4,1,1,0,1,773,0,1,0,0,0,0,0,1
1444,45,0,3,1,0,2,1,1,1,0,0,0,1,1,27,0.96,25.92,0,0
1445,52,1,3,1,0,1,1,1,1,1,737,0,1,3,25,2,50,0,1
1446,32,0,5,1,0,1,1,1,1,1,761,0,0,0,0,0,0,1,1
1447,62,1,2,1,1,4,1,1,1,0,0,0,1,0,0,0,0,0,0
1448,70,0,2,1,0,0,1,1,0,1,802,0,0,3,17,1.7,28.9,1,1
1449,20,0,1,1,1,0,1,0,0,1,720,0,1,0,0,0,0,1,1
1450,29,0,1,1,0,2,1,0,0,0,0,0,1,2,28,0.41,11.48,0,0
1451,22,0,2,1,0,3,1,1,0,1,720,0,0,5,18,1.95,35.1,1,1
1452,63,1,4,1,1,1,1,1,1,0,0,0,1,0,0,0,0,0,0
1453,36,0,2,1,1,0,1,1,0,1,693,1,1,2,3,0.03,0.09,0,1
1454,64,1,2,1,1,2,1,1,0,0,0,0,1,1,10,0.84,8.4,0,0
1455,63,1,4,1,0,4,1,1,1,1,830,1,0,5,27,1.95,52.65,0,1
1456,70,1,1,1,0,2,1,0,0,1,562,1,0,5,15,1.06,15.9,0,0
1457,19,1,3,1,0,3,1,0,0,1,799,1,0,3,12,0.73,8.76,0,1
1458,38,1,2,1,1,4,1,0,0,0,0,0,0,2,25,1.81,45.25,0,0
1459,52,1,2,1,0,3,1,0,0,0,0,0,0,4,6,1.92,11.52,0,0
1460,42,0,4,1,0,0,1,1,0,1,816,0,1,5,29,1.72,49.88,0,1
1461,62,0,1,1,0,3,1,0,0,1,795,1,1,4,13,0.51,6.63,0,1
1462,31,1,2,1,0,0,1,1,0,1,611,0,1,0,0,0,0,1,0
1463,64,0,3,1,1,1,1,1,1,0,0,0,0,1,7,0.53,3.71,0,0
1464,37,1,5,1,1,4,1,1,1,0,0,0,1,0,0,0,0,0,0
1465,26,0,3,1,1,2,1,0,0,1,789,0,0,0,0,0,0,1,1
1466,35,0,1,1,1,0,0,1,0,0,0,0,1,4,22,0.85,18.7,0,0
1467,36,1,5,1,0,1,1,0,0,0,0,0,1,1,17,2.01,34.17,0,0
1468,23,0,1,1,0,3,1,1,1,0,0,0,1,0,0,0,0,0,0
1469,58,1,2,1,0,2,1,0,0,1,802,1,0,3,8,1.11,8.88,0,1
1470,68,1,5,1,1,4,1,1,0,0,0,0,0,3,12,0.17,2.04,0,0
1471,47,0,4,1,1,1,1,0,0,0,0,0,0,2,24,1.44,34.56,0,0
1472,44,1,5,1,1,2,1,0,0,1,607,0,1,3,30,0.56,16.8,0,0
1473,64,0,3,1,0,3,1,1,1,0,0,0,1,1,3,1.11,3.33,0,0
1474,30,1,4,1,0,3,1,0,0,0,0,0,0,3,12,1.84,22.08,0,0
1475,35,0,5,1,0,1,1,1,0,0,0,0,0,5,25,0.65,16.25,0,0
1476,47,1,2,1,0,3,1,1,1,0,0,0,0,4,6,0.57,3.42,0,0
1477,61,1,2,1,0,2,0,1,0,0,0,0,0,1,21,0.65,13.65,0,0
1478,67,0,5,1,1,3,1,1,1,0,0,0,1,3,5,1.93,9.65,0,0
1479,61,1,1,1,0,4,1,1,1,1,836,0,1,3,17,0.92,15.64,0,1
1480,38,1,4,1,1,4,1,0,0,0,0,0,1,3,23,0.89,20.47,0,0
1481,60,0,4,1,1,1,1,0,0,0,0,0,0,3,6,0.09,0.54,0,0
1482,31,0,1,1,1,0,1,0,0,1,695,1,1,3,28,0.74,20.72,0,1
1483,26,0,5,1,0,4,1,1,0,0,0,0,0,5,8,0.43,3.44,0,0
1484,40,1,4,1,1,0,1,1,0,0,0,0,0,5,17,0.37,6.29,0,0
1485,52,1,3,1,0,0,1,1,0,1,563,1,0,2,16,0.6,9.6,0,0
1486,39,1,4,1,1,2,1,1,1,1,826,0,1,2,6,1.61,9.66,0,1
1487,49,0,3,1,0,2,1,1,0,1,818,0,0,2,6,0.74,4.44,0,1
1488,18,1,4,1,1,4,1,0,0,0,0,0,0,1,6,1.84,11.04,0,0
1489,36,0,3,1,0,0,1,0,0,1,825,0,0,1,29,0.16,4.64,1,1
1490,43,0,2,1,1,1,1,0,0,0,0,0,1,3,25,1.73,43.25,0,0
1491,59,0,4,1,0,3,1,1,0,1,750,1,0,0,0,0,0,0,1
1492,38,1,5,1,0,3,1,1,0,0,0,0,0,4,20,1.38,27.6,0,0
1493,59,0,3,1,0,3,1,1,1,1,651,1,1,3,25,0.89,22.25,0,1
1494,52,1,4,1,1,3,1,1,0,1,817,1,0,4,28,1.67,46.76,0,1
1495,53,0,5,1,1,1,1,0,0,0,0,0,0,0,0,0,0,0,0
1496,47,1,3,1,1,3,0,1,1,0,0,0,1,1,6,0.21,1.26,0,0
1497,21,1,5,1,1,4,1,0,0,1,843,0,0,3,24,0.31,7.44,0,1
1498,45,0,1,1,1,0,1,1,0,1,726,1,1,3,20,1.69,33.8,0,1
1499,36,1,3,1,0,3,1,0,0,0,0,0,0,4,12,1.56,18.72,0,0
1500,52,0,4,1,0,0,1,0,0,0,0,0,0,3,6,0.81,4.86,0,0
1501,29,0,2,1,0,4,1,0,0,0,0,0,1,1,28,0.79,22.12,0,0
1502,31,1,1,1,1,2,1,1,0,1,815,0,0,2,15,1.29,19.35,1,1
1503,18,1,5,1,0,0,0,0,0,0,0,0,0,4,11,1.87,20.57,0,0
1504,26,0,5,1,1,2,1,1,1,1,637,1,0,0,0,0,0,0,0
1505,65,1,1,1,1,3,1,0,0,0,0,0,0,4,23,1.74,40.02,0,0
1506,64,0,2,1,1,0,1,1,0,0,0,0,1,5,13,0.96,12.48,0,0
1507,29,1,2,1,0,0,1,1,0,1,799,1,1,0,0,0,0,0,1
1508,59,0,3,1,0,0,1,1,0,1,631,1,1,4,7,0.36,2.52,1,0
1509,65,0,4,1,1,0,1,1,0,1,726,1,0,0,0,0,0,0,1
1510,66,0,1,1,1,0,1,1,0,0,0,0,1,0,0,0,0,0,0
1511,18,0,5,1,0,4,1,0,0,0,0,0,1,3,22,0.58,12.76,0,0
1512,22,0,4,1,1,1,1,1,0,0,0,0,1,4,18,1.68,30.24,0,0
1513,50,1,3,1,0,4,1,0,0,1,845,1,1,3,5,0.34,1.7,1,1
1514,18,0,4,1,1,4,1,1,1,0,0,0,1,5,4,1.23,4.92,0,0
1515,23,0,3,1,1,2,1,0,0,0,0,0,0,3,26,1.23,31.98,0,0
1516,44,1,3,1,1,0,1,1,0,0,0,0,0,1,7,1.94,13.58,0,0
1517,25,0,4,1,1,2,0,0,0,0,0,0,1,4,16,0.13,2.08,0,0
1518,69,0,1,1,1,0,1,1,0,0,0,0,1,4,6,1.17,7.02,0,0
1519,21,0,2,1,0,0,1,1,0,0,0,0,0,4,25,0.15,3.75,0,0
1520,40,0,5,1,1,1,1,1,0,0,0,0,1,3,9,1.33,11.97,0,0
1521,39,1,1,1,0,4,1,1,1,1,735,1,1,0,0,0,0,1,1
1522,62,0,2,1,0,0,1,1,0,0,0,0,0,5,28,1.63,45.64,0,0
1523,57,0,1,1,0,2,1,1,1,0,0,0,1,2,20,0.11,2.2,0,0
1524,54,0,2,1,0,3,1,1,0,1,715,0,1,5,8,0.4,3.2,0,1
1525,67,1,2,1,0,2,1,0,0,0,0,0,1,1,20,0.46,9.2,0,0
1526,56,0,1,1,1,2,1,1,1,1,746,0,1,1,28,1.95,54.6,1,1
1527,33,0,5,1,1,3,1,1,1,0,0,0,1,4,15,0.91,13.65,0,0
1528,53,0,5,1,1,2,1,0,0,0,0,0,0,0,0,0,0,0,0
1529,39,1,4,1,0,0,1,0,0,1,829,0,0,2,23,1.03,23.69,1,1
1530,43,1,5,1,1,0,1,1,0,1,641,0,1,3,28,0.55,15.4,1,0
1531,31,1,1,1,1,1,1,1,1,1,618,1,0,2,29,1,29,1,0
1532,24,0,5,1,1,2,1,1,1,1,690,0,1,5,26,1.54,40.04,1,1
1533,58,0,2,1,0,3,1,0,0,0,0,0,1,5,16,1.42,22.72,0,0
1534,53,1,5,1,1,2,1,0,0,0,0,0,1,1,8,0.35,2.8,0,0
1535,70,0,4,1,0,3,1,0,0,1,646,1,0,3,21,1.91,40.11,0,0
1536,41,1,5,1,0,3,1,1,1,0,0,0,0,2,20,0.04,0.8,0,0
1537,23,1,2,1,0,2,1,1,0,1,761,1,1,5,7,1.99,13.93,1,1
1538,54,1,1,1,0,2,0,1,1,0,0,0,1,1,8,0.21,1.68,0,0
1539,27,1,5,1,0,3,1,1,0,1,798,0,1,1,29,1.9,55.1,0,1
1540,51,1,4,1,1,4,1,1,0,0,0,0,0,1,10,1.87,18.7,0,0
1541,27,0,3,1,1,2,1,0,0,1,791,1,0,2,20,0.22,4.4,1,1
1542,26,1,1,1,1,1,1,0,0,1,665,0,1,4,14,1.18,16.52,1,1
1543,42,0,1,1,1,0,1,0,0,1,601,0,0,4,21,1.39,29.19,1,0
1544,43,1,4,1,1,2,1,1,0,0,0,0,1,5,13,0.54,7.02,0,0
1545,43,1,1,1,1,0,1,0,0,1,599,1,0,1,14,1.8,25.2,0,0
1546,31,0,5,1,1,4,1,0,0,1,824,0,1,4,11,0.4,4.4,1,1
1547,27,0,1,1,0,1,1,1,1,0,0,0,1,5,20,0.97,19.4,0,0
1548,38,0,2,1,1,0,1,0,0,1,582,0,0,2,11,0.95,10.45,1,0
1549,45,0,4,1,1,4,1,0,0,1,646,0,0,0,0,0,0,1,0
1550,21,0,2,1,0,4,1,1,1,0,0,0,0,5,21,1.08,22.68,0,0
1551,65,0,2,1,0,1,1,0,0,1,574,1,0,5,10,0.28,2.8,1,0
1552,58,0,3,1,1,4,1,0,0,0,0,0,0,4,16,0,0,0,0
1553,54,1,2,1,1,3,1,1,1,0,0,0,1,5,26,1.72,44.72,0,0
1554,20,0,4,1,0,3,1,1,0,0,0,0,1,3,12,0.36,4.32,0,0
1555,49,0,3,1,1,2,1,1,1,1,836,1,0,4,20,1.03,20.6,0,1
1556,40,1,5,1,1,2,1,0,0,0,0,0,1,1,27,1.42,38.34,0,0
1557,39,1,5,1,1,0,0,1,0,0,0,0,0,5,18,1.72,30.96,0,0
1558,61,0,1,1,0,0,0,0,0,0,0,0,1,4,15,1.05,15.75,0,0
1559,67,1,5,1,0,4,1,0,0,1,788,1,1,1,18,1.03,18.54,1,1
1560,35,1,3,1,0,3,1,0,0,0,0,0,0,5,15,0.43,6.45,0,0
1561,37,1,5,1,0,4,0,0,0,0,0,0,1,0,0,0,0,0,0
1562,52,1,3,1,1,2,1,0,0,1,643,1,0,4,9,1.14,10.26,1,0
1563,34,0,1,1,1,2,1,1,0,1,558,0,1,5,3,1.52,4.56,1,0
1564,47,0,5,1,0,2,1,1,0,1,624,1,1,0,0,0,0,0,0
1565,55,1,3,1,0,3,0,1,0,0,0,0,0,2,22,0.07,1.54,0,0
1566,21,1,4,1,1,2,1,1,0,0,0,0,1,4,20,0.32,6.4,0,0
1567,67,1,2,1,0,0,1,0,0,0,0,0,1,2,18,0.22,3.96,0,0
1568,31,1,2,1,1,3,1,0,0,0,0,0,1,1,22,0.09,1.98,0,0
1569,41,0,5,1,1,2,1,1,1,1,553,0,0,3,13,1.27,16.51,0,0
1570,39,1,4,1,1,4,1,0,0,0,0,0,0,1,16,0.67,10.72,0,0
1571,57,0,3,1,1,3,1,1,0,0,0,0,1,5,26,1.95,50.7,0,0
1572,44,1,2,1,1,3,1,1,1,1,735,1,1,0,0,0,0,0,1
1573,31,0,5,1,1,0,1,1,0,1,783,1,0,4,7,1.26,8.82,0,1
1574,66,0,5,1,1,3,1,0,0,1,660,1,0,1,22,1.87,41.14,0,1
1575,48,1,2,1,0,4,1,1,1,0,0,0,1,1,25,1.94,48.5,0,0
1576,28,1,1,1,0,1,1,0,0,1,788,0,0,3,12,1.23,14.76,1,1
1577,44,1,2,1,1,0,1,1,0,0,0,0,1,1,29,1.49,43.21,0,0
1578,26,1,1,1,0,4,1,1,1,1,563,1,0,5,19,1.79,34.01,0,0
1579,44,1,2,1,0,1,1,0,0,1,799,1,0,1,27,1.24,33.48,0,1
1580,30,0,1,1,0,2,1,0,0,0,0,0,1,5,15,1.16,17.4,0,0
1581,26,0,2,1,0,4,1,0,0,0,0,0,0,5,6,1.08,6.48,0,0
1582,35,1,5,1,1,2,1,1,1,1,849,1,0,3,4,0.9,3.6,1,1
1583,54,0,2,1,1,1,1,1,1,0,0,0,1,1,18,1.18,21.24,0,0
1584,20,0,4,1,1,4,0,0,0,0,0,0,0,3,20,0.95,19,0,0
1585,65,0,3,1,1,2,0,1,0,0,0,0,0,1,9,1.53,13.77,0,0
1586,35,1,4,1,0,3,1,1,0,0,0,0,0,5,25,1.72,43,0,0
1587,37,0,4,1,0,3,0,1,0,0,0,0,1,3,18,1.33,23.94,0,0
1588,37,0,3,1,0,2,0,0,0,0,0,0,0,5,30,1.61,48.3,0,0
1589,42,0,3,1,1,4,1,1,1,0,0,0,0,4,12,0.58,6.96,0,0
1590,54,0,2,1,1,3,1,1,0,0,0,0,1,1,7,1.34,9.38,0,0
1591,50,0,3,1,0,4,1,0,0,0,0,0,0,1,22,0.47,10.34,0,0
1592,41,0,4,1,0,4,1,0,0,1,736,0,0,2,4,0.53,2.12,0,1
1593,21,0,4,1,1,3,0,0,0,0,0,0,1,2,29,1.41,40.89,0,0
1594,66,0,4,1,1,4,0,1,0,0,0,0,0,0,0,0,0,0,0
1595,22,1,2,1,0,0,1,0,0,1,728,0,0,1,8,1.93,15.44,0,1
1596,39,1,5,1,0,0,1,1,0,1,612,0,0,0,0,0,0,1,0
1597,49,1,2,1,1,3,1,1,1,0,0,0,1,2,30,0.47,14.1,0,0
1598,69,1,1,1,0,4,0,1,0,0,0,0,0,4,17,1.11,18.87,0,0
1599,33,0,3,1,1,2,0,0,0,0,0,0,0,2,9,0.88,7.92,0,0
1600,59,0,2,1,0,3,1,0,0,0,0,0,0,5,18,0.57,10.26,0,0
1601,27,0,1,1,1,0,1,1,0,0,0,0,1,1,29,0.85,24.65,0,0
1602,36,1,1,1,1,1,1,1,1,1,674,0,0,4,21,1.18,24.78,0,1
1603,42,0,2,1,0,1,1,1,0,1,841,1,1,1,20,0.29,5.8,0,1
1604,28,0,5,1,0,2,1,0,0,1,774,1,1,4,20,0.26,5.2,0,1
1605,34,1,5,1,1,4,1,1,0,0,0,0,0,4,26,0.22,5.72,0,0
1606,18,1,5,1,1,4,1,0,0,0,0,0,0,4,14,0.97,13.58,0,0
1607,62,0,1,1,0,2,0,1,0,0,0,0,1,4,19,0.16,3.04,0,0
1608,41,0,2,1,1,3,1,0,0,0,0,0,0,4,18,0.94,16.92,0,0
1609,28,0,5,1,1,1,1,1,1,1,740,0,0,4,14,1.84,25.76,0,1
1610,69,1,3,1,1,2,1,1,0,0,0,0,1,5,23,1.78,40.94,0,0
1611,51,1,3,1,0,1,1,1,0,1,649,1,1,1,26,1.75,45.5,1,0
1612,47,1,1,1,0,2,1,1,1,1,803,1,1,2,24,0.54,12.96,1,1
1613,20,1,2,1,1,0,1,0,0,0,0,0,1,5,25,1.21,30.25,0,0
1614,30,0,3,1,1,0,1,0,0,0,0,0,1,0,0,0,0,0,0
1615,28,0,5,1,1,4,0,1,0,0,0,0,1,5,30,2.01,60.3,0,0
1616,32,1,3,1,1,3,1,0,0,1,756,1,1,0,0,0,0,1,1
1617,35,0,1,1,1,0,1,1,0,0,0,0,1,1,9,0.13,1.17,0,0
1618,47,1,4,1,0,4,1,0,0,1,645,0,0,4,19,1.6,30.4,1,0
1619,56,1,4,1,0,4,1,0,0,0,0,0,1,2,27,1.97,53.19,0,0
1620,40,1,1,1,1,0,1,0,0,0,0,0,0,3,7,0.89,6.23,0,0
1621,29,1,2,1,1,2,1,1,0,1,695,1,1,1,11,0.39,4.29,0,1
1622,50,0,4,1,1,3,1,1,1,1,714,0,0,0,0,0,0,0,1
1623,53,1,5,1,0,0,1,0,0,1,661,0,1,0,0,0,0,0,1
1624,69,1,3,1,1,2,1,1,0,0,0,0,0,1,5,0.78,3.9,0,0
1625,22,1,4,1,0,4,1,0,0,1,674,0,1,0,0,0,0,0,1
1626,27,1,1,1,1,4,1,1,0,1,673,1,0,1,16,0.01,0.16,1,1
1627,34,1,5,1,1,1,0,1,1,0,0,0,1,4,8,1.74,13.92,0,0
1628,21,0,2,1,1,1,1,0,0,1,726,0,0,5,6,1.1,6.6,0,1
1629,32,1,5,1,1,4,1,1,0,1,617,1,1,0,0,0,0,0,0
1630,54,1,4,1,0,1,1,0,0,1,837,0,0,3,15,0.52,7.8,1,1
1631,29,0,1,1,0,2,0,1,0,0,0,0,0,0,0,0,0,0,0
1632,49,0,3,1,0,2,1,0,0,1,730,1,0,0,0,0,0,1,1
1633,40,1,3,1,0,1,1,0,0,0,0,0,1,2,13,0.81,10.53,0,0
1634,67,0,1,1,1,1,1,1,1,1,843,0,1,0,0,0,0,0,1
1635,39,1,2,1,1,0,1,0,0,1,746,0,1,5,14,1.59,22.26,0,1
1636,42,1,2,1,0,3,1,0,0,0,0,0,0,0,0,0,0,0,0
1637,40,1,4,1,1,1,1,1,1,1,754,1,1,1,20,0.47,9.4,1,1
1638,58,1,2,1,1,2,0,0,0,0,0,0,0,4,15,1.49,22.35,0,0
1639,54,0,4,1,1,1,1,0,0,1,822,1,1,1,19,2,38,1,1
1640,37,0,4,1,1,4,1,1,1,1,585,1,0,5,20,1.7,34,0,0
1641,63,0,4,1,1,3,1,0,0,1,732,1,1,4,30,0.18,5.4,1,1
1642,44,0,3,1,0,0,0,0,0,0,0,0,1,5,5,1.33,6.65,0,0
1643,57,0,4,1,1,3,1,0,0,0,0,0,1,2,13,1.02,13.26,0,0
1644,70,1,1,1,1,1,1,0,0,0,0,0,0,4,19,1.5,28.5,0,0
1645,49,1,5,1,1,2,1,0,0,0,0,0,0,3,30,1.07,32.1,0,0
1646,21,0,1,1,0,2,1,1,1,1,812,0,0,3,27,0.61,16.47,0,1
1647,50,0,5,1,0,2,1,0,0,0,0,0,1,3,18,1.4,25.2,0,0
1648,51,1,3,1,1,2,1,0,0,1,569,0,0,5,6,1.86,11.16,0,0
1649,63,1,3,1,1,1,1,0,0,1,740,1,1,2,17,1.4,23.8,1,1
1650,34,1,5,1,0,3,1,0,0,0,0,0,1,3,3,0.74,2.22,0,0
1651,50,0,4,1,0,2,1,0,0,1,569,1,1,3,20,0.58,11.6,1,0
1652,40,0,4,1,0,4,1,0,0,1,554,0,0,4,8,0.93,7.44,1,0
1653,28,0,1,1,1,3,1,0,0,1,849,0,1,1,23,0.55,12.65,0,1
1654,40,0,3,1,1,4,1,1,1,1,687,0,0,4,19,0.9,17.1,1,1
1655,27,0,1,1,0,0,1,0,0,1,679,0,0,2,12,1,12,1,1
1656,25,0,3,1,1,2,1,0,0,1,780,0,1,2,6,1.87,11.22,1,1
1657,42,1,3,1,1,2,1,0,0,1,817,0,1,3,20,0.27,5.4,1,1
1658,22,0,2,1,1,1,1,0,0,1,714,0,1,3,28,2.01,56.28,1,1
1659,21,0,4,1,1,1,1,0,0,1,839,1,1,5,25,0.28,7,1,1
1660,45,0,4,1,0,4,1,0,0,0,0,0,0,2,19,1.82,34.58,0,0
1661,56,0,2,1,1,1,1,0,0,0,0,0,0,4,11,1.9,20.9,0,0
1662,65,1,5,1,1,2,1,0,0,1,740,1,1,4,19,0.11,2.09,1,1
1663,69,0,3,1,1,3,0,1,1,0,0,0,1,5,12,0.23,2.76,0,0
1664,37,0,4,1,1,2,1,0,0,0,0,0,0,0,0,0,0,0,0
1665,49,1,1,1,1,0,1,1,0,0,0,0,1,0,0,0,0,0,0
1666,48,0,3,1,0,2,1,1,0,0,0,0,1,4,18,1.58,28.44,0,0
1667,23,1,4,1,0,3,1,0,0,1,699,1,0,2,18,1.48,26.64,0,1
1668,50,0,2,1,1,1,1,1,1,1,707,0,0,4,20,1.86,37.2,1,1
1669,20,1,1,1,1,2,1,0,0,0,0,0,1,3,4,0.74,2.96,0,0
1670,37,0,4,1,1,3,1,0,0,1,720,1,0,4,3,1.63,4.89,0,1
1671,63,0,1,1,1,0,1,0,0,1,840,1,0,0,0,0,0,0,1
1672,30,0,3,1,1,1,1,0,0,0,0,0,0,2,6,0.9,5.4,0,0
1673,24,1,5,1,1,4,1,0,0,1,791,1,0,0,0,0,0,1,1
1674,22,0,3,1,1,0,1,1,0,0,0,0,1,3,23,0.95,21.85,0,0
1675,67,1,3,1,0,2,1,0,0,1,564,0,1,2,20,1.5,30,1,0
1676,34,0,2,1,0,4,0,1,0,0,0,0,1,2,22,0.12,2.64,0,0
1677,27,0,2,1,0,1,1,1,1,1,767,0,0,4,10,0.02,0.2,1,1
1678,45,0,4,1,1,2,1,1,1,1,672,0,1,5,15,0.72,10.8,1,1
1679,48,1,1,1,0,4,1,1,0,1,632,1,1,0,0,0,0,0,0
1680,60,0,5,1,0,1,1,1,0,0,0,0,1,3,3,0.53,1.59,0,0
1681,55,0,5,1,1,3,1,1,0,1,830,0,0,1,21,1.52,31.92,1,1
1682,26,1,2,1,0,0,1,1,0,1,671,1,0,4,17,1.24,21.08,0,1
1683,34,1,2,1,0,4,1,1,1,0,0,0,0,1,20,1.78,35.6,0,0
1684,33,0,1,1,1,3,1,0,0,1,592,0,0,0,0,0,0,1,0
1685,65,1,5,1,1,4,1,0,0,1,687,0,1,2,23,0.25,5.75,0,1
1686,63,0,5,1,1,0,1,0,0,1,759,1,0,2,21,1.7,35.7,1,1
1687,65,0,5,1,1,2,1,1,0,1,623,0,1,4,8,1.58,12.64,0,0
1688,53,0,2,1,0,3,1,1,0,1,703,0,0,4,6,0.52,3.12,0,1
1689,32,1,5,1,1,0,1,0,0,1,827,1,0,2,18,0.43,7.74,1,1
1690,21,1,5,1,0,1,1,0,0,0,0,0,1,4,19,1.84,34.96,0,0
1691,26,1,5,1,1,1,1,0,0,1,653,1,1,5,15,0.83,12.45,1,1
1692,54,1,4,1,1,0,1,0,0,1,593,1,1,5,12,1.02,12.24,1,0
1693,26,1,3,1,1,2,1,0,0,1,648,0,0,1,25,0.9,22.5,0,0
1694,20,0,2,1,0,0,1,0,0,1,649,1,1,1,29,0.93,26.97,0,0
1695,33,1,1,1,1,2,1,1,1,1,767,1,0,5,23,0.53,12.19,0,1
1696,51,1,4,1,1,1,1,0,0,1,832,1,0,5,29,0.06,1.74,1,1
1697,30,1,3,1,0,2,1,0,0,0,0,0,1,0,0,0,0,0,0
1698,53,0,2,1,0,3,1,0,0,1,610,0,1,0,0,0,0,0,0
1699,68,1,3,1,1,3,0,1,0,0,0,0,1,1,6,0.92,5.52,0,0
1700,23,0,4,1,1,1,1,1,0,1,644,1,1,1,21,0.32,6.72,1,0
1701,45,0,2,1,0,3,1,1,0,1,799,0,0,1,12,1.2,14.4,0,1
1702,35,1,5,1,0,4,1,1,0,0,0,0,1,4,23,1.35,31.05,0,0
1703,58,1,5,1,1,1,1,0,0,1,622,1,1,1,13,1.15,14.95,0,0
1704,31,0,5,1,1,3,1,1,0,0,0,0,0,2,5,0.16,0.8,0,0
1705,29,0,1,1,1,3,1,1,0,1,616,0,1,2,23,1.74,40.02,1,0
1706,21,0,1,1,0,4,1,1,1,0,0,0,1,0,0,0,0,0,0
1707,70,0,1,1,1,0,1,0,0,1,637,0,1,2,28,1.01,28.28,0,0
1708,66,1,3,1,1,2,0,0,0,0,0,0,1,0,0,0,0,0,0
1709,51,1,1,1,1,4,1,0,0,1,729,1,0,0,0,0,0,0,1
1710,62,1,4,1,0,4,0,0,0,0,0,0,0,3,16,0.41,6.56,0,0
1711,31,0,3,1,1,4,1,1,1,1,590,0,1,2,30,0.89,26.7,1,0
1712,48,0,1,1,0,4,1,0,0,0,0,0,0,1,20,0.3,6,0,0
1713,34,0,2,1,0,0,1,0,0,0,0,0,1,5,5,1.32,6.6,0,0
1714,48,1,3,1,0,3,1,0,0,1,587,0,1,2,27,0.13,3.51,0,0
1715,69,0,2,1,1,2,0,1,0,0,0,0,1,1,28,1.21,33.88,0,0
1716,51,0,5,1,0,3,1,1,0,0,0,0,0,4,5,0.25,1.25,0,0
1717,51,0,5,1,0,3,1,1,1,1,597,0,0,2,17,0.7,11.9,1,0
1718,27,1,4,1,0,3,1,0,0,0,0,0,0,1,13,1.38,17.94,0,0
1719,39,0,4,1,1,3,1,0,0,0,0,0,0,4,25,0.21,5.25,0,0
1720,50,1,5,1,0,4,1,1,1,0,0,0,1,2,29,1.55,44.95,0,0
1721,20,1,5,1,1,4,1,1,1,0,0,0,0,2,18,0.31,5.58,0,0
1722,26,1,4,1,1,2,1,0,0,1,816,1,0,0,0,0,0,0,1
1723,18,1,1,1,1,4,1,0,0,1,775,0,1,5,8,0.77,6.16,1,1
1724,29,1,3,1,1,3,1,0,0,1,744,1,1,0,0,0,0,0,1
1725,56,1,4,1,0,4,1,0,0,1,660,0,1,0,0,0,0,1,1
1726,49,0,3,1,0,3,0,1,1,0,0,0,1,4,8,1.63,13.04,0,0
1727,53,0,3,1,0,1,1,0,0,0,0,0,1,2,6,1.74,10.44,0,0
1728,26,0,2,1,0,0,1,0,0,0,0,0,1,2,16,0.48,7.68,0,0
1729,29,1,3,1,0,0,0,0,0,0,0,0,0,0,0,0,0,0,0
1730,55,1,1,1,0,0,1,1,0,1,573,0,0,4,23,1.37,31.51,1,0
1731,70,1,3,1,1,2,1,1,1,1,797,0,0,4,16,1.03,16.48,1,1
1732,69,1,5,1,0,0,0,1,0,0,0,0,0,0,0,0,0,0,0
1733,38,0,4,1,0,0,1,1,0,1,786,0,0,5,24,1.77,42.48,1,1
1734,69,0,1,1,1,1,1,0,0,1,810,1,1,2,28,0.03,0.84,0,1
1735,52,1,5,1,0,2,1,0,0,1,833,1,1,0,0,0,0,1,1
1736,65,0,5,1,1,1,1,0,0,0,0,0,0,3,8,0.67,5.36,0,0
1737,34,0,1,1,1,4,1,0,0,0,0,0,1,0,0,0,0,0,0
1738,56,0,2,1,0,2,1,1,1,1,644,0,0,3,5,1.32,6.6,1,0
1739,19,1,3,1,0,1,1,0,0,1,739,1,0,3,22,0.25,5.5,1,1
1740,56,1,5,1,1,4,1,0,0,1,685,1,0,5,27,1.4,37.8,1,1
1741,66,1,4,1,1,2,1,0,0,0,0,0,0,1,22,0.9,19.8,0,0
1742,34,1,1,1,0,4,1,1,0,1,790,1,1,4,11,0.7,7.7,0,1
1743,53,1,4,1,1,1,1,0,0,0,0,0,0,1,17,0.95,16.15,0,0
1744,49,1,3,1,1,0,0,0,0,0,0,0,0,4,16,1.02,16.32,0,0
1745,23,0,2,1,0,1,1,0,0,0,0,0,0,2,21,1.13,23.73,0,0
1746,46,0,1,1,1,2,0,1,1,0,0,0,0,4,14,0.17,2.38,0,0
1747,45,0,4,1,1,2,1,1,1,1,599,0,0,0,0,0,0,1,0
1748,31,1,1,1,0,0,1,0,0,1,638,1,1,5,24,0.11,2.64,0,0
1749,50,1,1,1,1,3,1,1,0,0,0,0,1,0,0,0,0,0,0
1750,30,1,1,1,0,3,1,0,0,1,806,1,0,4,24,1.53,36.72,1,1
1751,23,1,2,1,0,4,1,1,1,1,840,0,1,0,0,0,0,1,1
1752,32,0,3,1,1,2,0,0,0,0,0,0,0,3,26,1.82,47.32,0,0
1753,21,0,1,1,1,0,1,1,0,0,0,0,0,2,21,0.52,10.92,0,0
1754,54,1,2,1,0,3,1,0,0,1,837,1,1,1,29,1.18,34.22,0,1
1755,26,1,4,1,0,1,0,0,0,0,0,0,0,1,6,0.31,1.86,0,0
1756,42,1,4,1,1,3,1,0,0,1,828,0,0,1,16,1.22,19.52,1,1
1757,40,1,1,1,0,4,1,0,0,1,808,1,0,4,4,0.24,0.96,0,1
1758,53,0,4,1,1,2,1,1,1,0,0,0,1,1,21,1.81,38.01,0,0
1759,23,0,3,1,0,1,1,1,1,0,0,0,1,0,0,0,0,0,0
1760,57,0,4,1,1,4,1,0,0,0,0,0,0,3,15,0.74,11.1,0,0
1761,28,0,2,1,1,2,1,0,0,1,562,0,1,5,7,0.42,2.94,0,0
1762,42,1,2,1,0,1,1,0,0,1,642,1,1,4,30,1.15,34.5,1,0
1763,33,1,2,1,1,3,1,1,1,1,750,1,1,3,15,0.96,14.4,1,1
1764,58,1,4,1,0,2,1,1,1,0,0,0,0,1,12,1.77,21.24,0,0
1765,24,0,2,1,1,0,1,1,0,1,694,0,0,3,29,0.61,17.69,1,1
1766,36,0,4,1,0,3,1,1,1,0,0,0,0,3,17,0.38,6.46,0,0
1767,38,0,4,1,1,2,0,1,1,0,0,0,0,5,14,1.84,25.76,0,0
1768,36,0,3,1,0,3,1,0,0,0,0,0,1,0,0,0,0,0,0
1769,55,0,3,1,0,1,0,0,0,0,0,0,0,0,0,0,0,0,0
1770,56,1,3,1,0,3,0,1,0,0,0,0,0,0,0,0,0,0,0
1771,42,0,2,1,0,4,1,1,0,0,0,0,1,2,22,0.47,10.34,0,0
1772,64,0,4,1,1,1,1,1,1,0,0,0,1,1,29,1.94,56.26,0,0
1773,65,1,4,1,1,0,0,0,0,0,0,0,0,5,8,0.23,1.84,0,0
1774,21,0,2,1,0,1,1,0,0,1,838,1,0,3,13,0.79,10.27,1,1
1775,46,1,4,1,1,0,1,0,0,0,0,0,1,0,0,0,0,0,0
1776,70,1,1,1,0,4,0,0,0,0,0,0,1,1,27,1.06,28.62,0,0
1777,61,0,5,1,1,4,1,0,0,0,0,0,1,4,26,1.19,30.94,0,0
1778,70,1,5,1,1,2,1,1,1,1,665,0,1,0,0,0,0,1,1
1779,26,0,1,1,1,0,1,0,0,0,0,0,0,2,17,0.71,12.07,0,0
1780,50,0,5,1,1,0,1,1,0,1,687,0,0,5,8,1.23,9.84,0,1
1781,35,0,5,1,0,1,1,0,0,1,789,0,0,3,10,1.44,14.4,1,1
1782,69,0,2,1,0,0,0,1,0,0,0,0,1,1,19,1.1,20.9,0,0
1783,28,1,5,1,1,2,1,1,1,0,0,0,1,0,0,0,0,0,0
1784,64,0,5,1,0,2,1,0,0,0,0,0,1,2,23,1.08,24.84,0,0
1785,28,1,3,1,1,2,1,1,1,0,0,0,1,4,23,0.12,2.76,0,0
1786,64,1,4,1,0,3,1,0,0,1,555,1,1,5,26,1.81,47.06,0,0
1787,62,1,1,1,0,0,1,1,0,0,0,0,0,1,8,0.34,2.72,0,0
1788,21,0,5,1,0,3,1,1,1,1,689,0,0,5,12,0.67,8.04,0,1
1789,64,1,3,1,1,2,1,1,0,0,0,0,0,5,24,0.92,22.08,0,0
1790,34,1,3,1,1,3,1,0,0,1,705,0,0,2,16,0.1,1.6,1,1
1791,27,1,1,1,1,1,1,0,0,0,0,0,1,5,27,0.61,16.47,0,0
1792,49,1,4,1,0,2,0,1,1,0,0,0,0,1,27,0.68,18.36,0,0
1793,66,0,2,1,1,0,1,0,0,1,811,0,1,5,23,1.86,42.78,0,1
1794,55,0,4,1,0,4,0,1,1,0,0,0,0,0,0,0,0,0,0
1795,69,1,5,1,0,4,0,0,0,0,0,0,1,2,18,0.26,4.68,0,0
1796,56,0,2,1,0,2,1,0,0,1,631,0,0,1,23,0.32,7.36,0,0
1797,21,1,1,1,0,0,1,0,0,0,0,0,1,1,17,1.5,25.5,0,0
1798,22,1,3,1,0,2,1,1,1,0,0,0,1,5,28,1.67,46.76,0,0
1799,27,0,4,1,1,0,0,0,0,0,0,0,0,4,27,1.21,32.67,0,0
1800,47,1,2,1,1,1,1,1,1,1,728,0,0,0,0,0,0,0,1
1801,62,0,4,1,0,0,1,1,0,1,572,1,1,5,12,1.55,18.6,0,0
1802,56,0,4,1,1,4,0,1,1,0,0,0,0,2,23,1.87,43.01,0,0
1803,25,0,2,1,0,3,0,0,0,0,0,0,0,5,3,0.22,0.66,0,0
1804,26,0,1,1,1,2,1,0,0,0,0,0,0,2,10,0.08,0.8,0,0
1805,46,0,1,1,0,3,1,1,0,1,586,1,1,0,0,0,0,0,0
1806,30,0,4,1,1,3,1,0,0,1,693,1,0,5,23,1.87,43.01,0,1
1807,44,0,4,1,0,1,1,0,0,1,805,0,1,0,0,0,0,0,1
1808,30,0,4,1,1,4,1,0,0,0,0,0,0,2,19,1.11,21.09,0,0
1809,34,0,1,1,1,2,1,0,0,1,557,1,1,0,0,0,0,0,0
1810,35,0,3,1,0,1,0,0,0,0,0,0,0,5,25,1.56,39,0,0
1811,59,0,5,1,1,3,1,1,1,0,0,0,1,4,22,1.2,26.4,0,0
1812,34,1,2,1,1,0,1,0,0,1,651,0,0,0,0,0,0,0,1
1813,58,0,5,1,0,1,0,0,0,0,0,0,0,0,0,0,0,0,0
1814,28,0,4,1,0,2,0,1,1,0,0,0,0,0,0,0,0,0,0
1815,57,0,4,1,0,4,1,0,0,1,614,0,1,5,3,1.77,5.31,0,0
1816,56,1,3,1,0,3,1,1,0,1,839,1,1,4,6,1.57,9.42,0,1
1817,55,1,4,1,1,4,0,0,0,0,0,0,1,5,29,0.09,2.61,0,0
1818,32,1,4,1,1,1,0,0,0,0,0,0,1,4,9,0.62,5.58,0,0
1819,33,0,1,1,0,2,1,0,0,0,0,0,0,2,21,1,21,0,0
1820,22,0,1,1,1,4,0,0,0,0,0,0,0,1,30,1.85,55.5,0,0
1821,56,0,1,1,1,3,1,0,0,0,0,0,0,4,30,1.26,37.8,0,0
1822,45,1,2,1,0,0,0,0,0,0,0,0,1,5,6,1.39,8.34,0,0
1823,40,0,2,1,0,2,1,0,0,1,657,1,0,1,7,0.81,5.67,1,1
1824,38,0,2,1,1,2,1,1,0,1,739,1,0,0,0,0,0,0,1
1825,50,0,2,1,0,0,1,0,0,1,783,0,1,4,28,1.64,45.92,0,1
1826,65,0,2,1,0,0,1,0,0,1,821,1,0,4,16,0.47,7.52,0,1
1827,28,0,5,1,1,2,1,1,1,1,743,0,1,0,0,0,0,1,1
1828,36,0,2,1,0,3,1,0,0,1,568,1,1,1,11,0.4,4.4,0,0
1829,66,1,1,1,1,4,1,1,1,0,0,0,0,1,16,1.59,25.44,0,0
1830,22,0,5,1,1,4,0,1,0,0,0,0,0,2,4,1.6,6.4,0,0
1831,64,0,2,1,1,3,0,0,0,0,0,0,0,5,10,0.73,7.3,0,0
1832,52,0,1,1,1,2,1,1,0,1,802,1,0,1,21,0.2,4.2,1,1
1833,41,1,3,1,0,3,1,1,0,1,659,1,0,1,15,0,0,1,1
1834,37,1,3,1,0,0,1,0,0,0,0,0,0,3,8,0.19,1.52,0,0
1835,51,0,5,1,0,1,0,1,1,0,0,0,1,1,23,1.49,34.27,0,0
1836,54,0,3,1,0,3,1,1,1,0,0,0,1,0,0,0,0,0,0
1837,39,0,2,1,1,2,1,0,0,0,0,0,0,0,0,0,0,0,0
1838,35,1,5,1,0,0,1,0,0,1,649,0,1,0,0,0,0,1,0
1839,50,0,1,1,1,0,1,0,0,1,689,0,0,2,23,0.87,20.01,0,1
1840,45,0,3,1,0,3,1,1,0,0,0,0,1,0,0,0,0,0,0
1841,42,0,1,1,0,2,1,1,1,1,660,1,1,1,23,1.92,44.16,0,1
1842,46,1,3,1,1,2,1,1,1,1,700,1,1,1,12,0.69,8.28,1,1
1843,68,0,1,1,1,4,1,0,0,1,777,0,0,2,22,0.56,12.32,0,1
1844,40,0,1,1,1,1,1,1,0,0,0,0,1,3,11,1.4,15.4,0,0
1845,66,1,2,1,0,0,1,1,0,0,0,0,1,3,12,0.3,3.6,0,0
1846,59,1,2,1,1,0,1,0,0,1,784,1,0,2,13,0.8,10.4,1,1
1847,54,0,5,1,1,1,1,1,1,1,632,1,1,5,11,1.19,13.09,0,0
1848,24,1,5,1,1,4,0,0,0,0,0,0,0,5,10,1.08,10.8,0,0
1849,26,0,2,1,1,1,0,1,1,0,0,0,0,1,10,1.45,14.5,0,0
1850,59,0,5,1,0,0,1,0,0,1,589,0,0,3,18,1.28,23.04,0,0
1851,28,0,5,1,0,2,1,1,1,0,0,0,1,5,10,1.86,18.6,0,0
1852,45,0,5,1,1,4,0,1,0,0,0,0,0,0,0,0,0,0,0
1853,29,0,5,1,1,4,0,0,0,0,0,0,0,4,15,0.27,4.05,0,0
1854,36,0,4,1,0,4,1,1,1,1,790,0,0,2,9,1.53,13.77,0,1
1855,65,0,4,1,1,4,1,1,0,1,792,1,0,4,20,1.69,33.8,0,1
1856,44,1,4,1,1,2,1,1,0,1,576,1,1,3,28,0.88,24.64,0,0
1857,53,1,1,1,1,4,1,1,0,0,0,0,1,1,14,0.41,5.74,0,0
1858,44,1,5,1,1,3,1,0,0,0,0,0,0,4,13,0.51,6.63,0,0
1859,33,1,5,1,1,0,1,0,0,0,0,0,1,5,30,0.18,5.4,0,0
1860,48,1,5,1,0,1,0,1,1,0,0,0,0,3,3,0.33,0.99,0,0
1861,60,1,4,1,0,2,1,1,0,0,0,0,1,0,0,0,0,0,0
1862,55,0,1,1,1,1,1,1,0,1,766,0,0,3,21,0.52,10.92,1,1
1863,53,0,1,1,1,0,1,0,0,0,0,0,1,3,8,1.87,14.96,0,0
1864,24,1,5,1,1,2,1,1,1,1,826,0,0,5,10,0.43,4.3,1,1
1865,53,1,1,1,0,0,1,1,0,0,0,0,1,3,23,1.26,28.98,0,0
1866,37,0,5,1,0,2,0,1,1,0,0,0,1,3,22,1.36,29.92,0,0
1867,47,0,4,1,1,3,1,0,0,1,712,0,0,2,23,0.47,10.81,0,1
1868,27,0,2,1,0,3,1,0,0,1,730,0,0,2,25,1.46,36.5,0,1
1869,51,1,5,1,1,1,1,0,0,0,0,0,1,0,0,0,0,0,0
1870,60,1,4,1,1,3,1,1,0,0,0,0,0,2,5,0.56,2.8,0,0
1871,59,0,2,1,1,2,1,0,0,1,634,1,1,3,7,0.29,2.03,0,0
1872,39,1,3,1,0,2,1,1,1,0,0,0,1,5,21,0.2,4.2,0,0
1873,24,0,5,1,1,1,1,1,0,0,0,0,0,1,30,1.04,31.2,0,0
1874,44,1,5,1,1,0,1,1,0,0,0,0,0,1,7,1.03,7.21,0,0
1875,18,0,5,1,0,1,1,1,1,0,0,0,1,4,10,1.58,15.8,0,0
1876,56,1,5,1,1,4,1,0,0,1,578,1,1,5,16,0.96,15.36,1,0
1877,53,1,4,1,0,4,1,1,0,0,0,0,1,2,24,2,48,0,0
1878,55,1,3,1,1,1,1,0,0,1,795,1,0,2,8,1.57,12.56,1,1
1879,36,0,2,1,1,0,1,0,0,1,817,0,1,2,11,0.8,8.8,1,1
1880,38,0,5,1,0,1,0,0,0,0,0,0,1,5,14,0.53,7.42,0,0
1881,52,0,2,1,0,3,1,0,0,0,0,0,0,1,16,1.2,19.2,0,0
1882,64,1,2,1,0,1,1,1,1,0,0,0,0,5,17,0.21,3.57,0,0
1883,67,0,2,1,0,1,1,0,0,0,0,0,1,4,25,0.56,14,0,0
1884,57,0,5,1,0,0,1,0,0,0,0,0,1,5,15,0.81,12.15,0,0
1885,64,1,5,1,0,4,1,1,0,1,567,1,0,4,18,0.07,1.26,1,0
1886,40,0,2,1,1,3,1,1,1,0,0,0,1,3,20,0.89,17.8,0,0
1887,35,0,1,1,0,4,1,0,0,1,820,0,0,2,14,0.83,11.62,1,1
1888,52,0,4,1,0,1,1,1,1,1,820,0,0,0,0,0,0,0,1
1889,35,1,2,1,0,2,1,1,0,1,788,1,0,5,27,1.52,41.04,1,1
1890,42,0,4,1,0,4,1,0,0,1,835,1,0,1,21,1.19,24.99,1,1
1891,62,0,1,1,1,4,0,0,0,0,0,0,1,0,0,0,0,0,0
1892,43,1,1,1,1,0,1,0,0,1,836,0,0,3,27,1.63,44.01,0,1
1893,63,0,5,1,1,2,1,0,0,1,845,0,1,2,24,1.96,47.04,0,1
1894,41,1,4,1,0,0,0,0,0,0,0,0,0,3,17,0.14,2.38,0,0
1895,26,1,2,1,1,1,1,1,1,1,795,1,1,2,25,1.59,39.75,0,1
1896,47,0,1,1,0,0,1,0,0,0,0,0,1,4,27,0.92,24.84,0,0
1897,38,0,5,1,0,4,1,1,1,0,0,0,1,3,28,0.71,19.88,0,0
1898,32,0,3,1,0,2,1,1,0,0,0,0,0,0,0,0,0,0,0
1899,31,1,1,1,0,2,1,1,0,1,787,0,1,3,12,1.04,12.48,1,1
1900,50,1,1,1,1,0,1,0,0,1,777,1,0,4,21,1.11,23.31,0,1
1901,54,1,2,1,0,3,1,1,0,0,0,0,1,0,0,0,0,0,0
1902,59,1,2,1,0,2,1,0,0,1,662,1,0,2,15,1.8,27,0,1
1903,41,1,3,1,1,1,1,0,0,1,647,1,0,1,25,0.88,22,1,0
1904,54,0,2,1,1,3,1,1,1,0,0,0,0,4,25,1.21,30.25,0,0
1905,28,1,1,1,0,2,1,1,0,1,710,1,0,4,7,0.74,5.18,1,1
1906,66,1,3,1,0,1,0,1,0,0,0,0,1,2,25,0.45,11.25,0,0
1907,46,1,4,1,0,4,1,1,1,0,0,0,0,1,23,1.56,35.88,0,0
1908,33,1,5,1,1,2,1,1,0,0,0,0,0,5,15,1.58,23.7,0,0
1909,58,1,2,1,0,2,1,0,0,1,613,1,0,4,8,0.74,5.92,0,0
1910,28,0,3,1,1,2,1,0,0,0,0,0,0,3,21,1.86,39.06,0,0
1911,50,1,3,1,0,0,1,0,0,0,0,0,0,3,26,0.93,24.18,0,0
1912,63,1,3,1,1,0,1,0,0,0,0,0,1,4,16,1.93,30.88,0,0
1913,64,0,1,1,1,1,0,0,0,0,0,0,1,1,17,0.22,3.74,0,0
1914,61,1,2,1,0,1,1,1,0,1,730,1,1,3,28,1.29,36.12,1,1
1915,22,1,3,1,1,1,0,0,0,0,0,0,0,2,20,1.63,32.6,0,0
1916,68,0,5,1,0,1,1,0,0,0,0,0,1,3,23,0.7,16.1,0,0
1917,36,1,1,1,0,4,1,0,0,0,0,0,0,2,6,1.14,6.84,0,0
1918,35,0,2,1,1,1,0,1,0,0,0,0,0,1,21,1.51,31.71,0,0
1919,33,0,2,1,0,1,1,1,1,0,0,0,1,0,0,0,0,0,0
1920,69,0,5,1,0,0,0,1,0,0,0,0,1,5,15,1.3,19.5,0,0
1921,62,0,3,1,0,3,1,1,0,0,0,0,0,0,0,0,0,0,0
1922,51,1,4,1,1,2,1,1,1,0,0,0,1,0,0,0,0,0,0
1923,27,1,2,1,0,3,1,0,0,0,0,0,1,5,24,1.5,36,0,0
1924,19,0,4,1,0,2,1,1,0,1,659,1,0,4,6,0.99,5.94,1,1
1925,51,0,1,1,0,0,0,1,0,0,0,0,0,5,13,1.93,25.09,0,0
1926,58,1,1,1,0,1,1,0,0,1,689,0,0,2,27,0.42,11.34,1,1
1927,68,0,2,1,1,4,1,1,0,0,0,0,1,3,8,0.32,2.56,0,0
1928,19,1,5,1,0,1,1,1,1,0,0,0,1,5,7,1.61,11.27,0,0
1929,46,1,5,1,1,1,1,0,0,1,630,1,1,0,0,0,0,0,0
1930,62,1,4,1,1,4,1,1,1,1,810,0,1,5,13,2.01,26.13,1,1
1931,24,1,4,1,1,3,0,1,1,0,0,0,1,1,18,0.6,10.8,0,0
1932,54,0,5,1,1,3,1,1,0,1,728,0,1,5,10,1.04,10.4,0,1
1933,50,1,5,1,0,0,0,1,0,0,0,0,0,5,6,1.26,7.56,0,0
1934,32,0,3,1,1,1,1,0,0,1,834,0,0,1,15,0.1,1.5,0,1
1935,56,0,3,1,0,1,1,1,0,1,700,0,0,5,12,1.97,23.64,1,1
1936,68,0,5,1,0,1,1,0,0,1,558,1,1,0,0,0,0,0,0
1937,36,1,2,1,1,2,1,0,0,1,802,0,0,0,0,0,0,1,1
1938,37,1,3,1,0,1,0,0,0,0,0,0,0,1,5,1.33,6.65,0,0
1939,23,1,1,1,1,0,0,1,0,0,0,0,0,2,23,1.08,24.84,0,0
1940,51,0,4,1,1,4,1,1,0,1,788,0,1,2,5,1.49,7.45,1,1
1941,69,1,3,1,1,1,0,1,0,0,0,0,1,2,22,1.49,32.78,0,0
1942,52,1,2,1,1,2,1,1,0,1,598,1,0,5,8,0.04,0.32,1,0
1943,24,0,1,1,0,2,1,1,1,1,575,1,0,1,15,1,15,0,0
1944,29,1,3,1,1,4,1,0,0,1,841,1,0,1,18,0.37,6.66,1,1
1945,31,0,1,1,1,4,1,0,0,0,0,0,0,1,6,0.23,1.38,0,0
1946,51,0,3,1,1,1,1,1,0,1,845,1,1,2,27,0.31,8.37,0,1
1947,56,0,5,1,1,2,0,1,1,0,0,0,0,3,16,0.92,14.72,0,0
1948,52,0,1,1,0,2,1,0,0,1,644,1,0,2,9,1.47,13.23,1,0
1949,63,1,2,1,1,1,0,0,0,0,0,0,0,1,28,0.75,21,0,0
1950,51,0,4,1,1,0,1,1,0,0,0,0,1,4,10,1.07,10.7,0,0
1951,43,1,5,1,1,3,1,1,1,1,750,0,0,0,0,0,0,1,1
1952,69,0,2,1,1,0,1,1,0,1,797,1,1,3,10,1.99,19.9,1,1
1953,56,1,1,1,0,2,1,1,0,0,0,0,1,1,9,1.24,11.16,0,0
1954,21,1,4,1,1,3,0,1,1,0,0,0,1,0,0,0,0,0,0
1955,60,0,3,1,1,0,1,0,0,1,577,0,0,1,29,0.25,7.25,1,0
1956,43,0,1,1,0,4,0,1,0,0,0,0,0,0,0,0,0,0,0
1957,66,1,3,1,0,0,1,0,0,1,790,0,1,2,10,1.75,17.5,1,1
1958,62,1,5,1,1,2,0,1,0,0,0,0,1,5,13,1.76,22.88,0,0
1959,54,0,1,1,0,0,1,0,0,0,0,0,1,2,27,1.38,37.26,0,0
1960,24,1,2,1,1,1,0,1,1,0,0,0,1,0,0,0,0,0,0
1961,64,0,3,1,0,1,1,1,1,0,0,0,1,1,30,1.23,36.9,0,0
1962,21,0,4,1,1,3,1,1,1,0,0,0,1,2,11,0.81,8.91,0,0
1963,38,1,4,1,0,4,1,0,0,0,0,0,0,2,11,1.03,11.33,0,0
1964,46,0,5,1,0,0,1,0,0,1,588,0,1,2,23,1.3,29.9,1,0
1965,70,1,3,1,1,2,1,1,0,0,0,0,0,0,0,0,0,0,0
1966,62,0,5,1,1,3,1,0,0,1,621,0,0,3,30,0.68,20.4,0,0
1967,62,1,5,1,1,0,0,0,0,0,0,0,1,2,21,1.08,22.68,0,0
1968,24,0,5,1,0,1,1,0,0,1,671,0,0,3,9,0.35,3.15,0,1
1969,39,0,2,1,1,4,1,1,0,0,0,0,1,0,0,0,0,0,0
1970,61,0,3,1,0,0,1,0,0,0,0,0,1,2,22,0.06,1.32,0,0
1971,61,1,4,1,0,4,1,1,1,1,661,1,0,1,13,1.97,25.61,0,1
1972,48,1,3,1,0,1,1,0,0,1,599,1,1,2,21,0.89,18.69,1,0
1973,53,0,5,1,0,3,0,0,0,0,0,0,1,3,26,1.36,35.36,0,0
1974,18,0,5,1,1,2,0,0,0,0,0,0,0,5,16,0.72,11.52,0,0
1975,18,1,4,1,0,1,1,1,0,1,583,0,0,3,7,0,0,1,0
1976,21,1,4,1,1,3,0,0,0,0,0,0,0,0,0,0,0,0,0
1977,58,1,1,1,1,1,1,1,0,0,0,0,1,5,6,0.94,5.64,0,0
1978,32,1,5,1,1,2,1,1,1,0,0,0,1,2,28,0.5,14,0,0
1979,40,0,2,1,0,3,1,0,0,0,0,0,1,4,17,0.62,10.54,0,0
1980,66,1,5,1,0,2,1,0,0,0,0,0,1,0,0,0,0,0,0
1981,68,1,4,1,0,3,1,0,0,0,0,0,1,0,0,0,0,0,0
1982,31,1,4,1,0,0,1,1,0,0,0,0,0,3,19,1.04,19.76,0,0
1983,58,0,1,1,1,4,0,0,0,0,0,0,1,0,0,0,0,0,0
1984,47,1,3,1,0,4,1,0,0,0,0,0,0,4,14,0.91,12.74,0,0
1985,59,0,5,1,1,2,1,1,1,1,706,0,1,4,4,1.1,4.4,1,1
1986,28,0,3,1,0,1,1,0,0,0,0,0,0,2,23,0.43,9.89,0,0
1987,24,1,3,1,0,2,1,0,0,1,570,0,1,2,29,1.41,40.89,1,0
1988,31,1,2,1,1,1,1,1,0,0,0,0,0,4,29,0.74,21.46,0,0
1989,67,0,4,1,0,0,1,0,0,0,0,0,0,5,27,1.16,31.32,0,0
1990,29,1,2,1,1,1,1,1,1,0,0,0,1,2,19,1.24,23.56,0,0
1991,70,1,3,1,1,1,0,1,0,0,0,0,0,4,25,1.11,27.75,0,0
1992,58,0,1,1,1,3,0,1,1,0,0,0,1,3,26,0.08,2.08,0,0
1993,50,0,3,1,0,3,1,0,0,0,0,0,1,1,30,1.97,59.1,0,0
1994,24,1,3,1,1,3,1,1,1,0,0,0,1,4,5,0.39,1.95,0,0
1995,25,0,1,1,1,3,1,0,0,1,837,0,1,0,0,0,0,0,1
1996,47,0,1,1,1,2,1,1,0,1,607,0,0,0,0,0,0,0,0
1997,47,0,1,1,1,0,0,1,0,0,0,0,1,3,3,1.89,5.67,0,0
1998,23,1,4,1,1,0,1,0,0,1,709,1,0,2,10,0.53,5.3,1,1
1999,52,1,5,1,0,4,1,0,0,1,601,1,0,3,11,1.59,17.49,1,0
2000,32,1,4,1,0,2,0,1,1,0,0,0,1,0,0,0,0,0,0
2001,32,0,3,1,0,2,1,1,1,1,777,1,1,0,0,0,0,1,1
2002,63,1,5,1,1,3,0,1,1,0,0,0,1,3,6,1.7,10.2,0,0
2003,21,1,3,1,1,3,1,0,0,1,653,1,1,5,3,0.28,0.84,1,1
2004,27,0,4,1,0,4,1,0,0,1,594,0,1,2,11,1.68,18.48,0,0
2005,45,0,5,1,0,0,1,0,0,0,0,0,0,5,7,0.09,0.63,0,0
2006,55,0,5,1,0,1,1,0,0,0,0,0,1,3,6,1.06,6.36,0,0
2007,32,0,2,1,0,4,1,1,1,0,0,0,1,0,0,0,0,0,0
2008,44,1,1,1,1,1,1,0,0,0,0,0,1,3,5,1.71,8.55,0,0
2009,20,0,1,1,1,4,1,0,0,0,0,0,1,0,0,0,0,0,0
2010,35,1,5,1,0,3,1,0,0,0,0,0,1,3,20,0.19,3.8,0,0
2011,26,0,1,1,1,3,1,0,0,0,0,0,0,3,20,1.83,36.6,0,0
2012,60,1,1,1,1,1,1,1,0,1,678,0,1,2,4,0.01,0.04,0,1
2013,53,0,3,1,1,3,1,0,0,1,674,1,1,2,14,1.65,23.1,0,1
2014,18,1,2,1,1,0,1,0,0,0,0,0,0,2,15,0.12,1.8,0,0
2015,48,1,5,1,1,1,1,0,0,1,737,1,1,3,10,1.14,11.4,0,1
2016,38,1,4,1,1,1,1,0,0,1,635,1,0,1,10,0.51,5.1,0,0
2017,28,0,1,1,0,0,1,0,0,0,0,0,1,2,5,0.61,3.05,0,0
2018,66,0,2,1,1,3,1,1,1,1,634,1,0,2,25,1.41,35.25,0,0
2019,37,0,5,1,1,4,1,0,0,0,0,0,0,5,24,1.81,43.44,0,0
2020,67,1,3,1,0,2,0,1,0,0,0,0,0,1,4,1.34,5.36,0,0
2021,58,0,3,1,1,3,1,1,1,1,587,0,1,2,27,0.11,2.97,0,0
2022,34,0,2,1,1,4,1,0,0,0,0,0,1,1,19,0.36,6.84,0,0
2023,56,1,4,1,1,2,0,0,0,0,0,0,1,3,19,1.37,26.03,0,0
2024,21,1,4,1,1,1,1,0,0,0,0,0,1,5,20,1.13,22.6,0,0
2025,28,1,3,1,1,0,1,0,0,0,0,0,0,3,24,0.54,12.96,0,0
2026,57,0,5,1,0,1,0,0,0,0,0,0,1,3,16,0.86,13.76,0,0
2027,68,0,2,1,1,2,1,1,1,1,592,1,1,3,22,1.68,36.96,0,0
2028,67,0,3,1,1,2,1,1,1,0,0,0,1,5,14,1.61,22.54,0,0
2029,25,0,5,1,1,3,1,1,1,1,623,1,1,4,4,1.57,6.28,1,0
2030,53,1,5,1,0,3,1,0,0,0,0,0,1,1,9,1.3,11.7,0,0
2031,39,1,2,1,1,3,0,1,0,0,0,0,1,5,13,1.77,23.01,0,0
2032,54,1,3,1,0,0,1,1,0,1,751,0,1,0,0,0,0,0,1
2033,65,0,2,1,0,3,1,1,1,1,551,0,0,0,0,0,0,0,0
2034,26,1,5,1,1,1,0,1,0,0,0,0,0,4,21,1.33,27.93,0,0
2035,33,0,2,1,1,1,1,1,0,1,679,0,1,2,21,1.45,30.45,0,1
2036,34,0,3,1,1,2,1,0,0,0,0,0,0,5,7,1.31,9.17,0,0
2037,31,1,2,1,1,2,1,1,0,1,627,1,1,4,12,1.77,21.24,1,0
2038,60,1,3,1,0,4,1,0,0,0,0,0,0,4,28,1.87,52.36,0,0
2039,36,0,4,1,1,3,1,1,1,0,0,0,1,0,0,0,0,0,0
2040,22,0,3,1,0,4,1,1,0,0,0,0,0,1,24,1.99,47.76,0,0
2041,61,0,1,1,0,0,1,0,0,0,0,0,0,0,0,0,0,0,0
2042,35,1,1,1,0,1,0,0,0,0,0,0,1,1,20,1.89,37.8,0,0
2043,39,0,5,1,1,3,1,1,0,0,0,0,0,2,7,0.33,2.31,0,0
2044,64,0,1,1,1,2,1,0,0,1,550,0,1,0,0,0,0,0,0
2045,57,1,4,1,1,3,1,0,0,0,0,0,1,4,4,1.84,7.36,0,0
2046,41,1,1,1,0,1,1,1,0,1,619,0,0,3,20,1.14,22.8,0,0
2047,49,1,3,1,1,0,0,1,0,0,0,0,0,0,0,0,0,0,0
2048,41,0,5,1,1,4,1,0,0,0,0,0,0,2,18,0.82,14.76,0,0
2049,64,1,2,1,1,4,0,1,1,0,0,0,0,5,29,0.5,14.5,0,0
2050,67,1,2,1,0,3,0,1,0,0,0,0,0,2,7,1.13,7.91,0,0
2051,47,1,1,1,0,3,1,0,0,1,775,1,1,1,8,0.44,3.52,0,1
2052,63,0,2,1,0,1,1,0,0,0,0,0,0,5,13,1.43,18.59,0,0
2053,24,1,5,1,0,3,1,0,0,1,693,1,0,0,0,0,0,0,1
2054,59,1,4,1,1,2,1,1,0,1,813,1,0,5,3,1.63,4.89,1,1
2055,47,0,5,1,0,4,1,1,1,0,0,0,1,5,28,1.19,33.32,0,0
2056,38,1,2,1,1,0,1,1,0,1,605,0,0,0,0,0,0,1,0
2057,44,1,3,1,1,2,0,1,0,0,0,0,0,4,9,0.81,7.29,0,0
2058,44,0,1,1,0,2,0,1,0,0,0,0,1,4,23,1.32,30.36,0,0
2059,49,0,4,1,0,1,1,1,0,1,689,0,0,2,20,1.92,38.4,1,1
2060,32,0,3,1,0,4,0,0,0,0,0,0,1,4,7,0.18,1.26,0,0
2061,55,0,4,1,1,0,1,0,0,0,0,0,0,0,0,0,0,0,0
2062,28,0,5,1,1,3,1,0,0,1,742,0,1,2,22,0.56,12.32,0,1
2063,49,1,5,1,1,3,1,1,0,1,725,1,0,2,11,1.79,19.69,0,1
2064,21,1,4,1,0,4,1,0,0,1,699,0,1,1,7,1.32,9.24,0,1
2065,38,0,3,1,0,0,1,1,0,0,0,0,1,2,28,0.51,14.28,0,0
2066,31,0,2,1,0,3,1,0,0,0,0,0,1,4,11,1.72,18.92,0,0
2067,51,0,4,1,0,0,1,0,0,1,822,1,1,5,8,0.34,2.72,0,1
2068,54,0,1,1,0,0,1,0,0,1,687,0,0,1,25,0.93,23.25,0,1
2069,29,1,2,1,1,1,1,0,0,1,729,0,0,2,21,0.47,9.87,1,1
2070,25,0,3,1,0,0,1,1,0,1,749,1,1,2,5,1.2,6,0,1
2071,50,1,2,1,0,1,1,0,0,1,779,0,1,5,11,0.9,9.9,1,1
2072,55,0,2,1,1,4,1,1,1,1,710,0,0,4,20,1.63,32.6,1,1
2073,34,1,2,1,0,1,1,0,0,1,679,1,0,4,13,0.84,10.92,0,1
2074,34,0,1,1,0,0,0,1,0,0,0,0,0,5,6,0.77,4.62,0,0
2075,44,0,5,1,0,3,0,1,1,0,0,0,0,5,20,1.11,22.2,0,0
2076,36,0,4,1,0,2,1,0,0,1,554,0,1,5,24,0.75,18,0,0
2077,63,1,3,1,1,2,1,0,0,0,0,0,1,0,0,0,0,0,0
2078,39,1,3,1,0,3,1,1,1,0,0,0,0,5,28,1.59,44.52,0,0
2079,33,1,5,1,1,3,1,1,0,1,781,0,0,5,16,0.58,9.28,1,1
2080,61,0,4,1,1,3,1,0,0,1,814,1,1,3,16,1.73,27.68,0,1
2081,37,0,1,1,0,0,0,0,0,0,0,0,1,3,24,1.14,27.36,0,0
2082,41,1,5,1,1,3,1,1,1,0,0,0,1,5,27,0.44,11.88,0,0
2083,49,1,5,1,1,2,1,1,1,1,668,1,0,3,25,0.64,16,0,1
2084,62,0,2,1,0,0,1,0,0,1,783,0,1,4,16,1.77,28.32,0,1
2085,58,0,1,1,0,1,1,1,0,0,0,0,1,1,29,0.14,4.06,0,0
2086,55,1,3,1,0,1,1,1,0,1,691,0,1,4,12,1.19,14.28,0,1
2087,34,1,4,1,1,2,0,0,0,0,0,0,1,3,11,0.32,3.52,0,0
2088,27,0,2,1,1,4,1,1,1,1,790,1,1,2,24,0.88,21.12,0,1
2089,67,1,2,1,1,0,1,0,0,1,751,1,0,2,10,1.31,13.1,1,1
2090,33,1,5,1,1,3,1,0,0,0,0,0,1,3,11,0.02,0.22,0,0
2091,50,1,3,1,0,3,1,1,1,1,585,0,1,4,17,1.64,27.88,1,0
2092,48,1,5,1,1,0,1,0,0,0,0,0,1,3,26,1.81,47.06,0,0
2093,25,0,4,1,0,4,1,1,1,0,0,0,1,1,5,1.68,8.4,0,0
2094,58,0,3,1,0,1,1,0,0,1,811,0,0,2,11,2,22,0,1
2095,61,0,1,1,1,4,0,0,0,0,0,0,1,5,13,1.34,17.42,0,0
2096,41,0,1,1,1,3,1,1,0,0,0,0,0,5,25,1.79,44.75,0,0
2097,57,0,1,1,0,1,1,0,0,0,0,0,1,5,18,1.82,32.76,0,0
2098,41,1,4,1,1,0,1,0,0,1,797,0,0,2,15,0.32,4.8,0,1
2099,42,1,3,1,1,0,0,1,0,0,0,0,0,0,0,0,0,0,0
2100,20,0,1,1,1,0,1,1,0,1,818,1,0,2,30,1.26,37.8,0,1
2101,24,0,2,1,0,4,1,0,0,1,767,1,0,0,0,0,0,1,1
2102,65,0,4,1,0,2,0,0,0,0,0,0,1,1,5,0.66,3.3,0,0
2103,39,0,4,1,0,1,1,0,0,0,0,0,1,0,0,0,0,0,0
2104,23,0,2,1,0,1,0,1,0,0,0,0,0,2,5,1.29,6.45,0,0
2105,49,1,1,1,0,4,1,0,0,0,0,0,0,5,6,1.75,10.5,0,0
2106,37,1,2,1,1,1,0,1,1,0,0,0,1,5,27,1.8,48.6,0,0
2107,21,1,2,1,1,0,1,0,0,0,0,0,0,1,29,1.4,40.6,0,0
2108,18,1,4,1,0,0,0,0,0,0,0,0,0,0,0,0,0,0,0
2109,19,1,2,1,1,2,1,1,1,0,0,0,1,0,0,0,0,0,0
2110,66,1,3,1,1,3,1,0,0,0,0,0,1,4,4,1.7,6.8,0,0
2111,53,1,4,1,0,3,1,1,1,1,784,0,0,0,0,0,0,1,1
2112,40,0,3,1,0,3,0,1,1,0,0,0,1,0,0,0,0,0,0
2113,60,0,2,1,0,0,1,0,0,1,806,1,1,5,24,1.13,27.12,1,1
2114,45,0,2,1,0,2,0,0,0,0,0,0,0,4,13,0.24,3.12,0,0
2115,43,0,1,1,1,3,1,1,0,0,0,0,1,4,16,1.31,20.96,0,0
2116,61,0,5,1,1,3,0,0,0,0,0,0,0,4,15,1.25,18.75,0,0
2117,57,0,3,1,1,4,1,0,0,0,0,0,1,1,15,1.32,19.8,0,0
2118,39,1,2,1,0,4,1,1,1,1,561,1,1,0,0,0,0,0,0
2119,32,1,2,1,1,1,1,0,0,0,0,0,0,0,0,0,0,0,0
2120,42,1,4,1,1,2,1,0,0,1,743,1,0,4,10,0.29,2.9,1,1
2121,25,1,2,1,1,1,1,0,0,0,0,0,0,5,17,0.31,5.27,0,0
2122,29,0,5,1,0,1,1,0,0,0,0,0,0,0,0,0,0,0,0
2123,58,1,4,1,1,3,1,0,0,0,0,0,0,1,10,1.38,13.8,0,0
2124,64,1,4,1,0,4,1,0,0,0,0,0,1,5,15,0.97,14.55,0,0
2125,38,1,3,1,0,2,1,1,0,1,667,0,0,0,0,0,0,1,1
2126,40,1,3,1,1,2,0,1,0,0,0,0,1,1,25,0.69,17.25,0,0
2127,61,0,4,1,0,0,1,0,0,1,668,0,0,1,24,0.52,12.48,0,1
2128,23,0,4,1,0,3,1,0,0,0,0,0,0,1,25,1.27,31.75,0,0
2129,44,1,3,1,0,3,1,1,0,0,0,0,0,4,3,0.04,0.12,0,0
2130,38,1,4,1,1,3,0,0,0,0,0,0,1,2,7,0.44,3.08,0,0
2131,69,0,1,1,0,4,0,1,0,0,0,0,0,4,18,1.73,31.14,0,0
2132,41,0,2,1,0,4,1,0,0,0,0,0,1,2,11,1.76,19.36,0,0
2133,69,0,4,1,0,3,1,1,0,0,0,0,0,3,29,0.42,12.18,0,0
2134,30,0,4,1,1,4,1,0,0,0,0,0,0,1,16,1.95,31.2,0,0
2135,31,1,1,1,1,4,1,0,0,1,820,1,0,4,11,1.44,15.84,1,1
2136,65,0,1,1,1,1,1,0,0,1,752,0,0,2,10,1.2,12,0,1
2137,54,1,5,1,0,0,1,0,0,0,0,0,0,3,6,0.11,0.66,0,0
2138,42,1,3,1,1,2,1,0,0,0,0,0,0,1,21,0.24,5.04,0,0
2139,52,0,1,1,0,0,1,1,0,0,0,0,0,3,11,1.17,12.87,0,0
2140,49,0,1,1,1,0,1,0,0,1,673,0,1,4,6,1.61,9.66,0,1
2141,56,1,4,1,0,3,1,0,0,0,0,0,0,4,30,1.54,46.2,0,0
2142,44,1,3,1,0,3,1,1,0,1,762,0,0,3,14,0.05,0.7,1,1
2143,60,1,3,1,1,4,1,1,1,0,0,0,1,0,0,0,0,0,0
2144,64,1,4,1,1,2,1,0,0,1,843,0,1,5,7,1.91,13.37,0,1
2145,70,1,5,1,1,3,1,1,1,1,641,0,1,1,17,0.09,1.53,1,0
2146,59,1,5,1,1,0,1,1,0,1,725,1,1,4,30,1.84,55.2,0,1
2147,18,0,4,1,0,2,1,0,0,1,565,1,1,5,27,0.67,18.09,1,0
2148,29,0,1,1,0,2,1,1,0,0,0,0,1,2,24,0.35,8.4,0,0
2149,23,0,3,1,1,0,1,1,0,0,0,0,0,3,17,0.27,4.59,0,0
2150,46,1,5,1,1,4,0,0,0,0,0,0,0,4,28,1.17,32.76,0,0
2151,57,0,3,1,1,0,1,0,0,1,651,1,0,4,9,1.25,11.25,0,1
2152,21,1,1,1,1,4,0,0,0,0,0,0,0,3,14,1.39,19.46,0,0
2153,24,1,4,1,1,4,0,1,0,0,0,0,0,1,5,0.72,3.6,0,0
2154,70,1,3,1,0,3,1,0,0,0,0,0,1,4,19,1.58,30.02,0,0
2155,49,1,5,1,1,1,1,0,0,0,0,0,0,5,13,0.83,10.79,0,0
2156,45,1,1,1,1,0,1,0,0,0,0,0,1,5,14,0.33,4.62,0,0
2157,52,0,1,1,0,2,1,1,0,0,0,0,1,2,17,1.37,23.29,0,0
2158,56,0,5,1,0,0,1,0,0,0,0,0,1,3,15,1.51,22.65,0,0
2159,43,1,2,1,0,1,1,0,0,0,0,0,1,3,15,0.42,6.3,0,0
2160,51,0,5,1,0,0,1,0,0,0,0,0,0,1,22,1.7,37.4,0,0
2161,59,0,3,1,1,2,1,1,0,1,750,0,0,2,13,1.32,17.16,1,1
2162,40,0,3,1,0,0,1,1,0,1,825,1,1,3,9,0.85,7.65,0,1
2163,25,1,4,1,0,2,0,0,0,0,0,0,1,1,3,0.97,2.91,0,0
2164,67,1,4,1,0,4,1,0,0,0,0,0,0,1,19,0.78,14.82,0,0
2165,46,0,2,1,0,4,0,0,0,0,0,0,0,4,15,0.5,7.5,0,0
2166,47,1,4,1,1,2,1,0,0,0,0,0,1,4,3,1.96,5.88,0,0
2167,53,1,4,1,1,2,1,0,0,0,0,0,0,3,30,1.58,47.4,0,0
2168,41,1,4,1,1,0,1,0,0,0,0,0,1,5,30,1.79,53.7,0,0
2169,53,0,5,1,1,3,1,1,1,1,601,1,1,0,0,0,0,1,0
2170,38,1,1,1,0,1,1,0,0,1,629,0,0,5,26,0.3,7.8,0,0
2171,55,1,5,1,0,3,1,1,1,1,812,1,1,0,0,0,0,1,1
2172,33,0,5,1,0,0,1,0,0,0,0,0,1,1,22,1.58,34.76,0,0
2173,45,1,4,1,0,4,1,0,0,1,674,0,1,3,28,0.74,20.72,1,1
2174,56,1,1,1,0,2,1,1,0,1,587,0,1,3,23,0.82,18.86,0,0
2175,41,1,1,1,1,2,1,0,0,0,0,0,1,0,0,0,0,0,0
2176,62,0,3,1,0,3,1,1,0,1,844,1,1,3,30,0.71,21.3,0,1
2177,54,1,1,1,0,3,1,0,0,1,843,1,0,3,22,0.69,15.18,0,1
2178,42,1,4,1,0,0,1,0,0,0,0,0,0,3,21,1.14,23.94,0,0
2179,56,0,2,1,1,3,0,0,0,0,0,0,1,2,16,0.54,8.64,0,0
2180,67,1,2,1,1,1,1,1,1,1,594,0,0,2,27,0.54,14.58,1,0
2181,49,0,3,1,1,1,1,0,0,0,0,0,1,1,4,0.68,2.72,0,0
2182,54,0,3,1,1,3,1,0,0,0,0,0,1,5,20,0.01,0.2,0,0
2183,57,0,3,1,0,4,1,0,0,1,737,0,1,0,0,0,0,1,1
2184,60,1,4,1,1,4,0,1,1,0,0,0,1,0,0,0,0,0,0
2185,34,0,3,1,0,0,1,0,0,1,623,1,1,4,16,0.98,15.68,0,0
2186,58,1,5,1,0,0,1,1,0,0,0,0,0,2,10,0.38,3.8,0,0
2187,42,1,4,1,1,2,1,0,0,0,0,0,1,1,27,0.4,10.8,0,0
2188,58,1,3,1,1,3,1,0,0,1,687,1,0,3,15,1.04,15.6,0,1
2189,34,0,2,1,0,3,1,1,0,0,0,0,1,1,15,1.65,24.75,0,0
2190,32,1,3,1,1,2,1,1,0,0,0,0,0,3,16,1.82,29.12,0,0
2191,57,0,3,1,1,1,1,1,0,0,0,0,1,3,30,1.79,53.7,0,0
2192,23,0,4,1,1,4,1,1,0,1,820,0,1,5,21,1.24,26.04,1,1
2193,49,0,4,1,1,2,1,0,0,1,602,1,0,1,10,1.71,17.1,0,0
2194,19,0,5,1,0,0,1,0,0,1,839,1,1,2,25,1.41,35.25,1,1
2195,25,0,3,1,1,2,1,1,0,1,829,1,1,2,9,0.03,0.27,0,1
2196,61,0,5,1,0,4,1,0,0,1,715,1,0,0,0,0,0,0,1
2197,37,0,3,1,1,1,1,1,1,1,786,0,1,4,25,0.89,22.25,1,1
2198,45,1,1,1,1,2,1,1,0,0,0,0,0,4,25,0.64,16,0,0
2199,54,0,5,1,1,2,1,1,0,1,767,0,0,4,21,1.59,33.39,1,1
2200,57,1,4,1,0,1,1,0,0,1,619,0,1,1,9,1.92,17.28,0,0
